BIN,Brand,Type,Category,Issuer,IssuerPhone,IssuerUrl,isoCode2,isoCode3,CountryName
123500,UATP,CREDIT,UATP,TURKISH AIRLINES (TK),,,TR,TUR,TURKEY
123501,UATP,CREDIT,UATP,TURKISH AIRLINES (TK),,,TR,TUR,TURKEY
123502,UATP,CREDIT,UATP,TURKISH AIRLINES (TK),,,TR,TUR,TURKEY
123503,UATP,CREDIT,UATP,TURKISH AIRLINES (TK),,,TR,TUR,TURKEY
123504,UATP,CREDIT,UATP,TURKISH AIRLINES (TK),,,TR,TUR,TURKEY
123505,UATP,CREDIT,UATP,TURKISH AIRLINES (TK),,,TR,TUR,TURKEY
123506,UATP,CREDIT,UATP,TURKISH AIRLINES (TK),,,TR,TUR,TURKEY
123507,UATP,CREDIT,UATP,TURKISH AIRLINES (TK),,,TR,TUR,TURKEY
123508,UATP,CREDIT,UATP,TURKISH AIRLINES (TK),,,TR,TUR,TURKEY
123509,UATP,CREDIT,UATP,TURKISH AIRLINES (TK),,,TR,TUR,TURKEY
123510,UATP,CREDIT,UATP,TURKISH AIRLINES (TK),,,TR,TUR,TURKEY
123511,UATP,CREDIT,UATP,TURKISH AIRLINES (TK),,,TR,TUR,TURKEY
123512,UATP,CREDIT,UATP,TURKISH AIRLINES (TK),,,TR,TUR,TURKEY
123513,UATP,CREDIT,UATP,TURKISH AIRLINES (TK),,,TR,TUR,TURKEY
123514,UATP,CREDIT,UATP,TURKISH AIRLINES (TK),,,TR,TUR,TURKEY
123515,UATP,CREDIT,UATP,TURKISH AIRLINES (TK),,,TR,TUR,TURKEY
123516,UATP,CREDIT,UATP,TURKISH AIRLINES (TK),,,TR,TUR,TURKEY
123517,UATP,CREDIT,UATP,TURKISH AIRLINES (TK),,,TR,TUR,TURKEY
123518,UATP,CREDIT,UATP,TURKISH AIRLINES (TK),,,TR,TUR,TURKEY
123519,UATP,CREDIT,UATP,TURKISH AIRLINES (TK),,,TR,TUR,TURKEY
123520,UATP,CREDIT,UATP,TURKISH AIRLINES (TK),,,TR,TUR,TURKEY
123521,UATP,CREDIT,UATP,TURKISH AIRLINES (TK),,,TR,TUR,TURKEY
123522,UATP,CREDIT,UATP,TURKISH AIRLINES (TK),,,TR,TUR,TURKEY
123523,UATP,CREDIT,UATP,TURKISH AIRLINES (TK),,,TR,TUR,TURKEY
123524,UATP,CREDIT,UATP,TURKISH AIRLINES (TK),,,TR,TUR,TURKEY
123525,UATP,CREDIT,UATP,TURKISH AIRLINES (TK),,,TR,TUR,TURKEY
123526,UATP,CREDIT,UATP,TURKISH AIRLINES (TK),,,TR,TUR,TURKEY
123527,UATP,CREDIT,UATP,TURKISH AIRLINES (TK),,,TR,TUR,TURKEY
123528,UATP,CREDIT,UATP,TURKISH AIRLINES (TK),,,TR,TUR,TURKEY
123529,UATP,CREDIT,UATP,TURKISH AIRLINES (TK),,,TR,TUR,TURKEY
123530,UATP,CREDIT,UATP,TURKISH AIRLINES (TK),,,TR,TUR,TURKEY
123531,UATP,CREDIT,UATP,TURKISH AIRLINES (TK),,,TR,TUR,TURKEY
123532,UATP,CREDIT,UATP,TURKISH AIRLINES (TK),,,TR,TUR,TURKEY
123533,UATP,CREDIT,UATP,TURKISH AIRLINES (TK),,,TR,TUR,TURKEY
123534,UATP,CREDIT,UATP,TURKISH AIRLINES (TK),,,TR,TUR,TURKEY
123535,UATP,CREDIT,UATP,TURKISH AIRLINES (TK),,,TR,TUR,TURKEY
123536,UATP,CREDIT,UATP,TURKISH AIRLINES (TK),,,TR,TUR,TURKEY
123537,UATP,CREDIT,UATP,TURKISH AIRLINES (TK),,,TR,TUR,TURKEY
123538,UATP,CREDIT,UATP,TURKISH AIRLINES (TK),,,TR,TUR,TURKEY
123539,UATP,CREDIT,UATP,TURKISH AIRLINES (TK),,,TR,TUR,TURKEY
123540,UATP,CREDIT,UATP,TURKISH AIRLINES (TK),,,TR,TUR,TURKEY
123541,UATP,CREDIT,UATP,TURKISH AIRLINES (TK),,,TR,TUR,TURKEY
123542,UATP,CREDIT,UATP,TURKISH AIRLINES (TK),,,TR,TUR,TURKEY
123543,UATP,CREDIT,UATP,TURKISH AIRLINES (TK),,,TR,TUR,TURKEY
123544,UATP,CREDIT,UATP,TURKISH AIRLINES (TK),,,TR,TUR,TURKEY
123545,UATP,CREDIT,UATP,TURKISH AIRLINES (TK),,,TR,TUR,TURKEY
123546,UATP,CREDIT,UATP,TURKISH AIRLINES (TK),,,TR,TUR,TURKEY
123547,UATP,CREDIT,UATP,TURKISH AIRLINES (TK),,,TR,TUR,TURKEY
123548,UATP,CREDIT,UATP,TURKISH AIRLINES (TK),,,TR,TUR,TURKEY
123549,UATP,CREDIT,UATP,TURKISH AIRLINES (TK),,,TR,TUR,TURKEY
123550,UATP,CREDIT,UATP,TURKISH AIRLINES (TK),,,TR,TUR,TURKEY
123551,UATP,CREDIT,UATP,TURKISH AIRLINES (TK),,,TR,TUR,TURKEY
123552,UATP,CREDIT,UATP,TURKISH AIRLINES (TK),,,TR,TUR,TURKEY
123553,UATP,CREDIT,UATP,TURKISH AIRLINES (TK),,,TR,TUR,TURKEY
123554,UATP,CREDIT,UATP,TURKISH AIRLINES (TK),,,TR,TUR,TURKEY
123555,UATP,CREDIT,UATP,TURKISH AIRLINES (TK),,,TR,TUR,TURKEY
123556,UATP,CREDIT,UATP,TURKISH AIRLINES (TK),,,TR,TUR,TURKEY
123557,UATP,CREDIT,UATP,TURKISH AIRLINES (TK),,,TR,TUR,TURKEY
123558,UATP,CREDIT,UATP,TURKISH AIRLINES (TK),,,TR,TUR,TURKEY
123559,UATP,CREDIT,UATP,TURKISH AIRLINES (TK),,,TR,TUR,TURKEY
123560,UATP,CREDIT,UATP,TURKISH AIRLINES (TK),,,TR,TUR,TURKEY
123561,UATP,CREDIT,UATP,TURKISH AIRLINES (TK),,,TR,TUR,TURKEY
123562,UATP,CREDIT,UATP,TURKISH AIRLINES (TK),,,TR,TUR,TURKEY
123563,UATP,CREDIT,UATP,TURKISH AIRLINES (TK),,,TR,TUR,TURKEY
123564,UATP,CREDIT,UATP,TURKISH AIRLINES (TK),,,TR,TUR,TURKEY
123565,UATP,CREDIT,UATP,TURKISH AIRLINES (TK),,,TR,TUR,TURKEY
123566,UATP,CREDIT,UATP,TURKISH AIRLINES (TK),,,TR,TUR,TURKEY
123567,UATP,CREDIT,UATP,TURKISH AIRLINES (TK),,,TR,TUR,TURKEY
123568,UATP,CREDIT,UATP,TURKISH AIRLINES (TK),,,TR,TUR,TURKEY
123569,UATP,CREDIT,UATP,TURKISH AIRLINES (TK),,,TR,TUR,TURKEY
123570,UATP,CREDIT,UATP,TURKISH AIRLINES (TK),,,TR,TUR,TURKEY
123571,UATP,CREDIT,UATP,TURKISH AIRLINES (TK),,,TR,TUR,TURKEY
123572,UATP,CREDIT,UATP,TURKISH AIRLINES (TK),,,TR,TUR,TURKEY
123573,UATP,CREDIT,UATP,TURKISH AIRLINES (TK),,,TR,TUR,TURKEY
123574,UATP,CREDIT,UATP,TURKISH AIRLINES (TK),,,TR,TUR,TURKEY
123575,UATP,CREDIT,UATP,TURKISH AIRLINES (TK),,,TR,TUR,TURKEY
123576,UATP,CREDIT,UATP,TURKISH AIRLINES (TK),,,TR,TUR,TURKEY
123577,UATP,CREDIT,UATP,TURKISH AIRLINES (TK),,,TR,TUR,TURKEY
123578,UATP,CREDIT,UATP,TURKISH AIRLINES (TK),,,TR,TUR,TURKEY
123579,UATP,CREDIT,UATP,TURKISH AIRLINES (TK),,,TR,TUR,TURKEY
123580,UATP,CREDIT,UATP,TURKISH AIRLINES (TK),,,TR,TUR,TURKEY
123581,UATP,CREDIT,UATP,TURKISH AIRLINES (TK),,,TR,TUR,TURKEY
123582,UATP,CREDIT,UATP,TURKISH AIRLINES (TK),,,TR,TUR,TURKEY
123583,UATP,CREDIT,UATP,TURKISH AIRLINES (TK),,,TR,TUR,TURKEY
123584,UATP,CREDIT,UATP,TURKISH AIRLINES (TK),,,TR,TUR,TURKEY
123585,UATP,CREDIT,UATP,TURKISH AIRLINES (TK),,,TR,TUR,TURKEY
123586,UATP,CREDIT,UATP,TURKISH AIRLINES (TK),,,TR,TUR,TURKEY
123587,UATP,CREDIT,UATP,TURKISH AIRLINES (TK),,,TR,TUR,TURKEY
123588,UATP,CREDIT,UATP,TURKISH AIRLINES (TK),,,TR,TUR,TURKEY
123589,UATP,CREDIT,UATP,TURKISH AIRLINES (TK),,,TR,TUR,TURKEY
123590,UATP,CREDIT,UATP,TURKISH AIRLINES (TK),,,TR,TUR,TURKEY
123591,UATP,CREDIT,UATP,TURKISH AIRLINES (TK),,,TR,TUR,TURKEY
123592,UATP,CREDIT,UATP,TURKISH AIRLINES (TK),,,TR,TUR,TURKEY
123593,UATP,CREDIT,UATP,TURKISH AIRLINES (TK),,,TR,TUR,TURKEY
123594,UATP,CREDIT,UATP,TURKISH AIRLINES (TK),,,TR,TUR,TURKEY
123595,UATP,CREDIT,UATP,TURKISH AIRLINES (TK),,,TR,TUR,TURKEY
123596,UATP,CREDIT,UATP,TURKISH AIRLINES (TK),,,TR,TUR,TURKEY
123597,UATP,CREDIT,UATP,TURKISH AIRLINES (TK),,,TR,TUR,TURKEY
123598,UATP,CREDIT,UATP,TURKISH AIRLINES (TK),,,TR,TUR,TURKEY
123599,UATP,CREDIT,UATP,TURKISH AIRLINES (TK),,,TR,TUR,TURKEY
200302,LOCAL BRAND,DEBIT,,"YAPI KREDI SIGORTA, A.S.",,,TR,TUR,TURKEY
223380,MASTERCARD,CREDIT,B2B,"TURKIYE GARANTI BANKASI, A.S.",,http://www.garanti.com.tr,TR,TUR,TURKEY
310422,PRIVATE LABEL,DEBIT,,,,,TR,TUR,TURKEY
340621,AMERICAN EXPRESS,CREDIT,STANDARD,,,,TR,TUR,TURKEY
340710,AMERICAN EXPRESS,CREDIT,STANDARD,,,,TR,TUR,TURKEY
342119,AMERICAN EXPRESS,CREDIT,STANDARD,,,,TR,TUR,TURKEY
342123,AMERICAN EXPRESS,CREDIT,STANDARD,,,,TR,TUR,TURKEY
345231,AMERICAN EXPRESS,CREDIT,,,,,TR,TUR,TURKEY
347026,AMERICAN EXPRESS,CREDIT,STANDARD,,,,TR,TUR,TURKEY
347244,AMERICAN EXPRESS,CREDIT,,,,,TR,TUR,TURKEY
347846,AMERICAN EXPRESS,CREDIT,STANDARD,,,,TR,TUR,TURKEY
347914,AMERICAN EXPRESS,CREDIT,,,,,TR,TUR,TURKEY
349358,AMERICAN EXPRESS,CREDIT,STANDARD,,,,TR,TUR,TURKEY
349634,AMERICAN EXPRESS,CREDIT,STANDARD,,,,TR,TUR,TURKEY
351300,PRIVATE LABEL,DEBIT,,,,,TR,TUR,TURKEY
351702,PRIVATE LABEL,DEBIT,,,,,TR,TUR,TURKEY
352576,PRIVATE LABEL,CREDIT,STANDARD,,,,TR,TUR,TURKEY
361848,DINERS CLUB INTERNATIONAL,CREDIT,STANDARD,,,,TR,TUR,TURKEY
363345,DINERS CLUB INTERNATIONAL,CREDIT,BUSINESS,,,,TR,TUR,TURKEY
363411,DINERS CLUB INTERNATIONAL,CREDIT,BUSINESS,,,,TR,TUR,TURKEY
364268,DINERS CLUB INTERNATIONAL,CREDIT,STANDARD,,,,TR,TUR,TURKEY
364773,DINERS CLUB INTERNATIONAL,CREDIT,,,,,TR,TUR,TURKEY
364774,DINERS CLUB INTERNATIONAL,CREDIT,,,,,TR,TUR,TURKEY
364775,DINERS CLUB INTERNATIONAL,CREDIT,,,,,TR,TUR,TURKEY
365740,DINERS CLUB INTERNATIONAL,CREDIT,,,,,TR,TUR,TURKEY
365770,DINERS CLUB INTERNATIONAL,CREDIT,BUSINESS,DC ABANK TURKEY,,,TR,TUR,TURKEY
365771,DINERS CLUB INTERNATIONAL,CREDIT,PERSONAL,DC ABANK TURKEY,,,TR,TUR,TURKEY
365772,DINERS CLUB INTERNATIONAL,CREDIT,PERSONAL,DC ABANK TURKEY,,,TR,TUR,TURKEY
365773,DINERS CLUB INTERNATIONAL,CREDIT,PERSONAL,DC ABANK TURKEY,,,TR,TUR,TURKEY
370121,AMERICAN EXPRESS,CREDIT,PERSONAL,,,,TR,TUR,TURKEY
370558,AMERICAN EXPRESS,CREDIT,,AMERICAN EXPRESS COMPANY,,http://www.americanexpress.com,TR,TUR,TURKEY
370674,AMERICAN EXPRESS,CREDIT,,AMERICAN EXPRESS COMPANY,,http://www.americanexpress.com,TR,TUR,TURKEY
374421,AMERICAN EXPRESS,CREDIT,PERSONAL,GARANTI BANK,,,TR,TUR,TURKEY
374422,AMERICAN EXPRESS,CREDIT,PERSONAL,GARANTI BANK,,,TR,TUR,TURKEY
374423,AMERICAN EXPRESS,CREDIT,SMALL BUSINESS,GARANTI BANK,,,TR,TUR,TURKEY
374424,AMERICAN EXPRESS,CREDIT,PERSONAL,GARANTI BANK,,,TR,TUR,TURKEY
374425,AMERICAN EXPRESS,CREDIT,CORPORATE,GARANTI BANK,,,TR,TUR,TURKEY
374426,AMERICAN EXPRESS,CREDIT,CORPORATE,GARANTI BANK,,,TR,TUR,TURKEY
374427,AMERICAN EXPRESS,CREDIT,PERSONAL,GARANTI BANK,,,TR,TUR,TURKEY
374428,AMERICAN EXPRESS,CREDIT,PERSONAL,GARANTI BANK,,,TR,TUR,TURKEY
375550,AMERICAN EXPRESS,CREDIT,,,,,TR,TUR,TURKEY
375551,AMERICAN EXPRESS,CREDIT,,,,,TR,TUR,TURKEY
375557,AMERICAN EXPRESS,CREDIT,,AKBANK T.A.S.,+904442525,http://www.akbank.com,TR,TUR,TURKEY
375622,AMERICAN EXPRESS,CREDIT,PERSONAL,GARANTI BANK,,,TR,TUR,TURKEY
375623,AMERICAN EXPRESS,CREDIT,PERSONAL,GARANTI BANK,,,TR,TUR,TURKEY
375624,AMERICAN EXPRESS,CREDIT,PERSONAL,GARANTI BANK,,,TR,TUR,TURKEY
375625,AMERICAN EXPRESS,CREDIT,PERSONAL,GARANTI BANK,,,TR,TUR,TURKEY
375626,AMERICAN EXPRESS,CREDIT,PERSONAL,GARANTI BANK,,,TR,TUR,TURKEY
375627,AMERICAN EXPRESS,CREDIT,PERSONAL,GARANTI BANK,,,TR,TUR,TURKEY
375628,AMERICAN EXPRESS,CREDIT,,GARANTI BANK,+902123181818,http://www.garanti.com.tr,TR,TUR,TURKEY
375629,AMERICAN EXPRESS,CREDIT,,GARANTI BANK,+902123181818,http://www.garanti.com.tr,TR,TUR,TURKEY
375631,AMERICAN EXPRESS,CREDIT,PERSONAL,GARANTI BANK,,,TR,TUR,TURKEY
377137,AMERICAN EXPRESS,CREDIT,SMALL BUSINESS,GARANTI BANK,,,TR,TUR,TURKEY
377140,AMERICAN EXPRESS,CREDIT,PERSONAL,GARANTI BANK,,,TR,TUR,TURKEY
377141,AMERICAN EXPRESS,CREDIT,PERSONAL,,,,TR,TUR,TURKEY
377142,AMERICAN EXPRESS,CREDIT,PERSONAL,GARANTI BANK,,,TR,TUR,TURKEY
377143,AMERICAN EXPRESS,CREDIT,PERSONAL,GARANTI BANK,,,TR,TUR,TURKEY
377596,AMERICAN EXPRESS,CREDIT,SMALL BUSINESS,GARANTI BANK,,,TR,TUR,TURKEY
377597,AMERICAN EXPRESS,CREDIT,PERSONAL,GARANTI BANK,,,TR,TUR,TURKEY
377598,AMERICAN EXPRESS,CREDIT,PERSONAL,GARANTI BANK,,,TR,TUR,TURKEY
377599,AMERICAN EXPRESS,CREDIT,PERSONAL,GARANTI BANK,,,TR,TUR,TURKEY
378332,AMERICAN EXPRESS,CREDIT,PERSONAL,GARANTI BANK,,,TR,TUR,TURKEY
379369,AMERICAN EXPRESS,CREDIT,PERSONAL,GARANTI BANK,,,TR,TUR,TURKEY
379370,AMERICAN EXPRESS,CREDIT,PERSONAL,GARANTI BANK,,,TR,TUR,TURKEY
379371,AMERICAN EXPRESS,CREDIT,PERSONAL,GARANTI BANK,,,TR,TUR,TURKEY
389035,DINERS CLUB INTERNATIONAL,CREDIT,STANDARD,,,,TR,TUR,TURKEY
400684,VISA,CREDIT,CLASSIC,"ING BANK, A.S.",,http://www.ingbank.com.tr,TR,TUR,TURKEY
400709,VISA,DEBIT,CLASSIC,QNB BANK A.S,,,TR,TUR,TURKEY
400742,VISA,CREDIT,CLASSIC,"TURKIYE FINANS KATILIM BANKASI, A.S.",,http://www.turkiyefinans.com.tr,TR,TUR,TURKEY
401049,VISA,DEBIT,PLATINUM,"TURKIYE HALK BANKASI, A.S.",,http://www.halkbank.com.tr,TR,TUR,TURKEY
401071,VISA,DEBIT,ELECTRON,"TURKIYE IS BANKASI, A.S.",,http://www.isbank.com.tr,TR,TUR,TURKEY
401072,VISA,CREDIT,CLASSIC,"FINANSBANK, A.S.",+908502220900,https://www.qnbfinansbank.com,TR,TUR,TURKEY
401622,VISA,DEBIT,BUSINESS,"YAPI VE KREDI BANKASI, A.S.",+904440444,http://www.yapikredi.com.tr,TR,TUR,TURKEY
401738,VISA,DEBIT,ELECTRON,TURKIYE GARANTI BANKASI A. S.,,,TR,TUR,TURKEY
402003,VISA,CREDIT,,"EGEBANK, A.S.",,,TR,TUR,TURKEY
402277,VISA,CREDIT,CLASSIC,QNB BANK A.S,,,TR,TUR,TURKEY
402278,VISA,CREDIT,GOLD,QNB BANK A.S,,,TR,TUR,TURKEY
402299,VISA,CREDIT,GOLD,"FORTIS BANK, A.S.",,,TR,TUR,TURKEY
402458,VISA,CREDIT,CLASSIC,"TURK EKONOMI BANKASI, A.S.",,http://www.teb.com.tr,TR,TUR,TURKEY
402459,VISA,CREDIT,CLASSIC,"TURK EKONOMI BANKASI, A.S.",,http://www.teb.com.tr,TR,TUR,TURKEY
402526,VISA,CREDIT,CLASSIC,"TURKIYE HALK BANKASI, A.S.",+903122892000,http://www.halkbank.com.tr,TR,TUR,TURKEY
402563,VISA,CREDIT,CLASSIC,"FINANSBANK, A.S.",+908502220900,https://www.qnbfinansbank.com,TR,TUR,TURKEY
402589,VISA,CREDIT,CLASSIC,"KUVEYT TURK KATILIM BANKASI, A.S.",,http://www.kuveytturk.com.tr,TR,TUR,TURKEY
402590,VISA,CREDIT,GOLD,"KUVEYT TURK KATILIM BANKASI, A.S.",,http://www.kuveytturk.com.tr,TR,TUR,TURKEY
402591,VISA,DEBIT,GOLD,"KUVEYT TURK KATILIM BANKASI, A.S.",,http://www.kuveytturk.com.tr,TR,TUR,TURKEY
402592,VISA,CREDIT,BUSINESS,"KUVEYT TURK KATILIM BANKASI, A.S.",,http://www.kuveytturk.com.tr,TR,TUR,TURKEY
402940,VISA,CREDIT,CLASSIC,TURKIYE VAKIFLAR BANKASI T.A.O.,+903124557851,http://www.vakifbank.com.tr,TR,TUR,TURKEY
403059,VISA,DEBIT,,,,,TR,TUR,TURKEY
403082,VISA,CREDIT,BUSINESS,QNB BANK A.S,,,TR,TUR,TURKEY
403134,VISA,CREDIT,BUSINESS,"DENIZBANK, A.S.",,http://www.denizbank.com,TR,TUR,TURKEY
403223,VISA,CREDIT,CLASSIC,"ALTERNATIFBANK, A.S.",+902123156500,http://www.abank.com.tr,TR,TUR,TURKEY
403228,VISA,DEBIT,ELECTRON,,,,TR,TUR,TURKEY
403360,VISA,CREDIT,PLATINUM,"KUVEYT TURK KATILIM BANKASI, A.S.",,http://www.kuveytturk.com.tr,TR,TUR,TURKEY
403595,VISA,CREDIT,,"ALTERNATIFBANK, A.S.",+902123156500,http://www.abank.com.tr,TR,TUR,TURKEY
403666,VISA,CREDIT,CORPORATE T&E,TURKIYE GARANTI BANKASI A. S.,,,TR,TUR,TURKEY
403810,VISA,CREDIT,BUSINESS,"KUVEYT TURK KATILIM BANKASI, A.S.",+904440123,http://www.kuveytturk.com.tr,TR,TUR,TURKEY
403836,VISA,CREDIT,BUSINESS,SEKERBANK T.A.S.,+902123197000,http://www.sekerbank.com.tr,TR,TUR,TURKEY
403998,VISA,DEBIT,CLASSIC,"TURKIYE IS BANKASI, A.S.",,http://www.isbank.com.tr,TR,TUR,TURKEY
404308,VISA,CREDIT,GOLD,TURKIYE GARANTI BANKASI A. S.,,,TR,TUR,TURKEY
404315,VISA,DEBIT,BUSINESS,"TURK EKONOMI BANKASI, A.S.",,http://www.teb.com.tr,TR,TUR,TURKEY
404350,VISA,CREDIT,BUSINESS,"TURK EKONOMI BANKASI, A.S.",,http://www.teb.com.tr,TR,TUR,TURKEY
404591,VISA,CREDIT,CLASSIC,"T.C. ZIRAAT BANKASI, A.S.",,,TR,TUR,TURKEY
404809,VISA,CREDIT,INFINITE,"YAPI VE KREDI BANKASI, A.S.",,http://www.yapikredi.com.tr,TR,TUR,TURKEY
404952,VISA,CREDIT,BUSINESS,"TURKIYE FINANS KATILIM BANKASI, A.S.",,http://www.turkiyefinans.com.tr,TR,TUR,TURKEY
404990,VISA,DEBIT,CLASSIC,"DENIZBANK, A.S.",,http://www.denizbank.com,TR,TUR,TURKEY
405051,VISA,DEBIT,PREPAID ELECTRON,TURKIYE GARANTI BANKASI A. S.,,,TR,TUR,TURKEY
405090,VISA,DEBIT,ELECTRON,TURKIYE GARANTI BANKASI A. S.,,,TR,TUR,TURKEY
405148,VISA,DEBIT,TRAVEL MONEY,INTL HDQTRS-CENTER OWNED,,,TR,TUR,TURKEY
405917,VISA,CREDIT,CLASSIC,"HSBC BANK, A.S.",+902123764000,http://www.hsbc.com.tr,TR,TUR,TURKEY
405918,VISA,CREDIT,GOLD,"HSBC BANK, A.S.",+902123764000,http://www.hsbc.com.tr,TR,TUR,TURKEY
405919,VISA,DEBIT,CLASSIC,"HSBC BANK, A.S.",+902123764000,http://www.hsbc.com.tr,TR,TUR,TURKEY
406015,VISA,CREDIT,GOLD,"TURK EKONOMI BANKASI, A.S.",,http://www.teb.com.tr,TR,TUR,TURKEY
406281,VISA,DEBIT,CLASSIC,"YAPI VE KREDI BANKASI, A.S.",,http://www.yapikredi.com.tr,TR,TUR,TURKEY
406386,VISA,DEBIT,CLASSIC,QNB BANK A.S,,,TR,TUR,TURKEY
406456,VISA,CREDIT,,"TURKIYE IS BANKASI, A.S.",+904440202,http://www.isbank.com.tr,TR,TUR,TURKEY
406665,VISA,CREDIT,BUSINESS,TURKIYE GARANTI BANKASI A. S.,,,TR,TUR,TURKEY
406666,VISA,CREDIT,BUSINESS,TURKIYE GARANTI BANKASI A. S.,,,TR,TUR,TURKEY
407112,VISA,DEBIT,BUSINESS,"ASYA KATILIM BANKASI, A.S.",+902166335000,http://www.bankasya.com.tr,TR,TUR,TURKEY
407814,VISA,DEBIT,BUSINESS,"T.C. ZIRAAT BANKASI, A.S.",,,TR,TUR,TURKEY
408578,VISA,CREDIT,CLASSIC,"ING BANK, A.S.",+908502220600,http://www.ingbank.com.tr,TR,TUR,TURKEY
408579,VISA,CREDIT,CLASSIC,"ING BANK, A.S.",,http://www.ingbank.com.tr,TR,TUR,TURKEY
408581,VISA,DEBIT,ELECTRON,"ING BANK, A.S.",,http://www.ingbank.com.tr,TR,TUR,TURKEY
408593,VISA,DEBIT,ELECTRON,"ING BANK, A.S.",+908502220600,http://www.ingbank.com.tr,TR,TUR,TURKEY
408625,VISA,CREDIT,PLATINUM,"DENIZBANK, A.S.",,http://www.denizbank.com,TR,TUR,TURKEY
408969,VISA,CREDIT,CLASSIC,"HSBC BANK, A.S.",+902123764000,http://www.hsbc.com.tr,TR,TUR,TURKEY
409021,VISA,CREDIT,CLASSIC,"YAPI VE KREDI BANKASI, A.S.",+904440444,http://www.yapikredi.com.tr,TR,TUR,TURKEY
409022,VISA,CREDIT,GOLD,"YAPI VE KREDI BANKASI, A.S.",+904440444,http://www.yapikredi.com.tr,TR,TUR,TURKEY
409070,VISA,CREDIT,CLASSIC,"DENIZBANK, A.S.",,http://www.denizbank.com,TR,TUR,TURKEY
409071,VISA,CREDIT,CLASSIC,"HSBC BANK, A.S.",+902123764000,http://www.hsbc.com.tr,TR,TUR,TURKEY
409084,VISA,CREDIT,CLASSIC,TURKIYE VAKIFLAR BANKASI T.A.O.,+903124557851,http://www.vakifbank.com.tr,TR,TUR,TURKEY
409219,VISA,DEBIT,ELECTRON,TURKIYE GARANTI BANKASI A. S.,,,TR,TUR,TURKEY
409364,VISA,CREDIT,CLASSIC,QNB BANK A.S,,,TR,TUR,TURKEY
410147,VISA,CREDIT,CLASSIC,QNB BANK A.S,,,TR,TUR,TURKEY
410556,VISA,CREDIT,CLASSIC,"KUVEYT TURK KATILIM BANKASI, A.S.",+904440123,http://www.kuveytturk.com.tr,TR,TUR,TURKEY
411156,VISA,CREDIT,CLASSIC,SEKERBANK T.A.S.,+902123197000,http://www.sekerbank.com.tr,TR,TUR,TURKEY
411157,VISA,CREDIT,GOLD,SEKERBANK T.A.S.,+902123197000,http://www.sekerbank.com.tr,TR,TUR,TURKEY
411158,VISA,CREDIT,PLATINUM,SEKERBANK T.A.S.,+902123197000,http://www.sekerbank.com.tr,TR,TUR,TURKEY
411159,VISA,CREDIT,BUSINESS,SEKERBANK T.A.S.,+902123197000,http://www.sekerbank.com.tr,TR,TUR,TURKEY
411685,VISA,CREDIT,BUSINESS,"TURKIYE FINANS KATILIM BANKASI, A.S.",,http://www.turkiyefinans.com.tr,TR,TUR,TURKEY
411724,VISA,CREDIT,CLASSIC,TURKIYE VAKIFLAR BANKASI T.A.O.,+903124557851,http://www.vakifbank.com.tr,TR,TUR,TURKEY
411769,VISA,CREDIT,CLASSIC,"TOPRAKBANK, A.S.",212:2569855,,TR,TUR,TURKEY
411924,VISA,CREDIT,BUSINESS,"DENIZBANK, A.S.",+904440800,http://www.denizbank.com,TR,TUR,TURKEY
411942,VISA,CREDIT,CLASSIC,TURKIYE VAKIFLAR BANKASI T.A.O.,+903124557851,http://www.vakifbank.com.tr,TR,TUR,TURKEY
411943,VISA,CREDIT,CLASSIC,TURKIYE VAKIFLAR BANKASI T.A.O.,+903124557851,http://www.vakifbank.com.tr,TR,TUR,TURKEY
411944,VISA,CREDIT,CLASSIC,TURKIYE VAKIFLAR BANKASI T.A.O.,+903124557851,http://www.vakifbank.com.tr,TR,TUR,TURKEY
411979,VISA,CREDIT,PLATINUM,TURKIYE VAKIFLAR BANKASI T.A.O.,+903124557851,http://www.vakifbank.com.tr,TR,TUR,TURKEY
412199,VISA,DEBIT,PREPAID BUSINESS,"SIPAY ELEKTRONIK PARA VE ODEME HIZMETLERI, A.S.",,,TR,TUR,TURKEY
412574,VISA,CREDIT,CLASSIC,"TURKIYE FINANS KATILIM BANKASI, A.S.",,http://www.turkiyefinans.com.tr,TR,TUR,TURKEY
412576,VISA,CREDIT,BUSINESS,"TURKIYE FINANS KATILIM BANKASI, A.S.",,http://www.turkiyefinans.com.tr,TR,TUR,TURKEY
412931,VISA,CREDIT,,CITIBANK,+902123194500,https://www.citi.com.cn,TR,TUR,TURKEY
412953,VISA,DEBIT,PREPAID,"BANK ASYA KATILIM BANKASI, A.S.",,,TR,TUR,TURKEY
413226,VISA,CREDIT,CLASSIC,"T.C. ZIRAAT BANKASI, A.S.",,,TR,TUR,TURKEY
413252,VISA,CREDIT,PLATINUM,AKBANK T.A.S.,+904442525,http://www.akbank.com,TR,TUR,TURKEY
413382,VISA,DEBIT,CLASSIC,"YAPI VE KREDI BANKASI, A.S.",+904440444,http://www.yapikredi.com.tr,TR,TUR,TURKEY
413528,VISA,DEBIT,PLATINUM,"TURK EKONOMI BANKASI, A.S.",,http://www.teb.com.tr,TR,TUR,TURKEY
413583,VISA,CREDIT,GOLD,"FINANSBANK, A.S.",+908502220900,https://www.qnbfinansbank.com,TR,TUR,TURKEY
413729,VISA,CREDIT,PLATINUM,ICBC TURKEY BANK ANONIM SIRKETI,,,TR,TUR,TURKEY
413762,VISA,CREDIT,GOLD,"ING BANK, A.S.",+902123351000,http://www.ingbank.com.tr,TR,TUR,TURKEY
413791,VISA,CREDIT,CLASSIC,"ING BANK, A.S.",+902123351000,http://www.ingbank.com.tr,TR,TUR,TURKEY
413792,VISA,CREDIT,GOLD,"ING BANK, A.S.",+902123351000,http://www.ingbank.com.tr,TR,TUR,TURKEY
413972,VISA,CREDIT,CLASSIC,ICBC TURKEY BANK ANONIM SIRKETI,,,TR,TUR,TURKEY
414070,VISA,CREDIT,PLATINUM,"ING BANK, A.S.",+908502220600,http://www.ingbank.com.tr,TR,TUR,TURKEY
414388,VISA,CREDIT,CLASSIC,QNB BANK A.S,,,TR,TUR,TURKEY
414392,VISA,DEBIT,CLASSIC,"YAPI VE KREDI BANKASI, A.S.",+904440444,http://www.yapikredi.com.tr,TR,TUR,TURKEY
414941,VISA,DEBIT,ELECTRON,BURGAN BANK,,,TR,TUR,TURKEY
415514,VISA,CREDIT,PLATINUM,"TURKIYE HALK BANKASI, A.S.",,http://www.halkbank.com.tr,TR,TUR,TURKEY
415515,VISA,DEBIT,ELECTRON,"TURKIYE HALK BANKASI, A.S.",,http://www.halkbank.com.tr,TR,TUR,TURKEY
415565,VISA,CREDIT,CLASSIC,QNB BANK A.S,,,TR,TUR,TURKEY
415570,VISA,CREDIT,,,,,TR,TUR,TURKEY
415792,VISA,CREDIT,CLASSIC,TURKIYE VAKIFLAR BANKASI T.A.O.,+903124557851,http://www.vakifbank.com.tr,TR,TUR,TURKEY
415956,VISA,DEBIT,CLASSIC,QNB BANK A.S,,,TR,TUR,TURKEY
416275,VISA,DEBIT,GOLD,"TURKIYE FINANS KATILIM BANKASI, A.S.",,http://www.turkiyefinans.com.tr,TR,TUR,TURKEY
416283,VISA,DEBIT,ELECTRON,"T.C. ZIRAAT BANKASI, A.S.",,,TR,TUR,TURKEY
416350,VISA,CREDIT,CLASSIC,"TURK EKONOMI BANKASI, A.S.",,http://www.teb.com.tr,TR,TUR,TURKEY
416394,VISA,CREDIT,PERSONAL,"ALTERNATIFBANK, A.S.",,http://www.abank.com.tr,TR,TUR,TURKEY
416508,VISA,CREDIT,GOLD,TURKIYE GARANTI BANKASI A. S.,,,TR,TUR,TURKEY
416509,VISA,DEBIT,CLASSIC,TURKIYE GARANTI BANKASI A. S.,,,TR,TUR,TURKEY
416510,VISA,CREDIT,PLATINUM,"YAPI VE KREDI BANKASI, A.S.",,http://www.yapikredi.com.tr,TR,TUR,TURKEY
416512,VISA,CREDIT,BUSINESS,"YAPI VE KREDI BANKASI, A.S.",,http://www.yapikredi.com.tr,TR,TUR,TURKEY
416513,VISA,CREDIT,CORPORATE T&E,TURKIYE GARANTI BANKASI A. S.,,,TR,TUR,TURKEY
416563,VISA,CREDIT,BUSINESS,"TURK EKONOMI BANKASI, A.S.",,http://www.teb.com.tr,TR,TUR,TURKEY
416607,VISA,CREDIT,CLASSIC,"TURKIYE HALK BANKASI, A.S.",,http://www.halkbank.com.tr,TR,TUR,TURKEY
416757,VISA,CREDIT,CLASSIC,TURKIYE VAKIFLAR BANKASI T.A.O.,+903124557851,http://www.vakifbank.com.tr,TR,TUR,TURKEY
416987,VISA,CREDIT,BUSINESS,"ASYA KATILIM BANKASI, A.S.",+902166335000,http://www.bankasya.com.tr,TR,TUR,TURKEY
417715,VISA,CREDIT,BUSINESS,"ALBARAKA TURK KATILIM BANKASI, A.S.",,,TR,TUR,TURKEY
417716,VISA,DEBIT,CLASSIC,"ALBARAKA TURK KATILIM BANKASI, A.S.",,,TR,TUR,TURKEY
418342,VISA,CREDIT,CLASSIC,"TURKIYE IS BANKASI, A.S.",,http://www.isbank.com.tr,TR,TUR,TURKEY
418343,VISA,CREDIT,CLASSIC,"TURKIYE IS BANKASI, A.S.",,http://www.isbank.com.tr,TR,TUR,TURKEY
418344,VISA,CREDIT,GOLD,"TURKIYE IS BANKASI, A.S.",,http://www.isbank.com.tr,TR,TUR,TURKEY
418345,VISA,CREDIT,GOLD,"TURKIYE IS BANKASI, A.S.",,http://www.isbank.com.tr,TR,TUR,TURKEY
419389,VISA,CREDIT,PERSONAL,"TURKISH BANK, A.S.",,,TR,TUR,TURKEY
420092,VISA,DEBIT,BUSINESS,QNB BANK A.S,,,TR,TUR,TURKEY
420322,VISA,CREDIT,GOLD,"ING BANK, A.S.",,http://www.ingbank.com.tr,TR,TUR,TURKEY
420323,VISA,CREDIT,GOLD,"ING BANK, A.S.",,http://www.ingbank.com.tr,TR,TUR,TURKEY
420324,VISA,CREDIT,PLATINUM,"ING BANK, A.S.",,http://www.ingbank.com.tr,TR,TUR,TURKEY
420342,VISA,DEBIT,PREPAID CLASSIC,"YAPI VE KREDI BANKASI, A.S.",,http://www.yapikredi.com.tr,TR,TUR,TURKEY
420343,VISA,DEBIT,PREPAID CLASSIC,"YAPI VE KREDI BANKASI, A.S.",,http://www.yapikredi.com.tr,TR,TUR,TURKEY
420344,VISA,DEBIT,PREPAID BUSINESS,"YAPI VE KREDI BANKASI, A.S.",,http://www.yapikredi.com.tr,TR,TUR,TURKEY
420556,VISA,DEBIT,PREPAID CLASSIC,"TURKIYE IS BANKASI, A.S.",,http://www.isbank.com.tr,TR,TUR,TURKEY
421030,VISA,DEBIT,BUSINESS,"TURKIYE HALK BANKASI, A.S.",,http://www.halkbank.com.tr,TR,TUR,TURKEY
421086,VISA,DEBIT,PREPAID CLASSIC,SEKERBANK T.A.S.,+902123197000,http://www.sekerbank.com.tr,TR,TUR,TURKEY
422376,VISA,CREDIT,CLASSIC,"FINANSBANK, A.S.",+908502220900,https://www.qnbfinansbank.com,TR,TUR,TURKEY
422629,VISA,CREDIT,GOLD,"HSBC BANK, A.S.",+902123764000,http://www.hsbc.com.tr,TR,TUR,TURKEY
423002,VISA,CREDIT,GOLD,"ALBARAKA TURK KATILIM BANKASI, A.S.",,,TR,TUR,TURKEY
423025,VISA,DEBIT,PREPAID CLASSIC,"SIPAY ELEKTRONIK PARA VE ODEME HIZMETLERI, A.S.",,,TR,TUR,TURKEY
423091,VISA,DEBIT,PLATINUM,"ING BANK, A.S.",,http://www.ingbank.com.tr,TR,TUR,TURKEY
423277,VISA,CREDIT,CLASSIC,"FINANSBANK, A.S.",+908502220900,https://www.qnbfinansbank.com,TR,TUR,TURKEY
423398,VISA,CREDIT,CLASSIC,"FINANSBANK, A.S.",+908502220900,https://www.qnbfinansbank.com,TR,TUR,TURKEY
423400,VISA,CREDIT,GOLD,TURKIYE GARANTI BANKASI A. S.,,,TR,TUR,TURKEY
423401,VISA,CREDIT,BUSINESS,TURKIYE GARANTI BANKASI A. S.,,,TR,TUR,TURKEY
423402,VISA,CREDIT,BUSINESS,TURKIYE GARANTI BANKASI A. S.,,,TR,TUR,TURKEY
423403,VISA,CREDIT,CLASSIC,TURKIYE GARANTI BANKASI A. S.,,,TR,TUR,TURKEY
423404,VISA,CREDIT,GOLD,TURKIYE GARANTI BANKASI A. S.,,,TR,TUR,TURKEY
423405,VISA,CREDIT,PLATINUM,TURKIYE GARANTI BANKASI A. S.,,,TR,TUR,TURKEY
423406,VISA,CREDIT,BUSINESS,TURKIYE GARANTI BANKASI A. S.,,,TR,TUR,TURKEY
423407,VISA,CREDIT,GOLD,TURKIYE GARANTI BANKASI A. S.,,,TR,TUR,TURKEY
423408,VISA,CREDIT,PLATINUM,TURKIYE GARANTI BANKASI A. S.,,,TR,TUR,TURKEY
423409,VISA,CREDIT,INFINITE,TURKIYE GARANTI BANKASI A. S.,,,TR,TUR,TURKEY
423410,VISA,CREDIT,INFINITE,TURKIYE GARANTI BANKASI A. S.,,,TR,TUR,TURKEY
423411,VISA,CREDIT,INFINITE,TURKIYE GARANTI BANKASI A. S.,,,TR,TUR,TURKEY
423412,VISA,CREDIT,INFINITE,TURKIYE GARANTI BANKASI A. S.,,,TR,TUR,TURKEY
423413,VISA,CREDIT,CORPORATE T&E,TURKIYE GARANTI BANKASI A. S.,,,TR,TUR,TURKEY
423414,VISA,CREDIT,BUSINESS,TURKIYE GARANTI BANKASI A. S.,,,TR,TUR,TURKEY
423415,VISA,CREDIT,SIGNATURE,TURKIYE GARANTI BANKASI A. S.,,,TR,TUR,TURKEY
423416,VISA,CREDIT,CLASSIC,TURKIYE GARANTI BANKASI A. S.,,,TR,TUR,TURKEY
423417,VISA,CREDIT,CLASSIC,TURKIYE GARANTI BANKASI A. S.,,,TR,TUR,TURKEY
423418,VISA,CREDIT,GOLD,TURKIYE GARANTI BANKASI A. S.,,,TR,TUR,TURKEY
423419,VISA,CREDIT,PLATINUM,TURKIYE GARANTI BANKASI A. S.,,,TR,TUR,TURKEY
423422,VISA,CREDIT,GOLD,TURKIYE GARANTI BANKASI A. S.,,,TR,TUR,TURKEY
423423,VISA,CREDIT,SIGNATURE,TURKIYE GARANTI BANKASI A. S.,,,TR,TUR,TURKEY
423424,VISA,CREDIT,GOLD,TURKIYE GARANTI BANKASI A. S.,,,TR,TUR,TURKEY
423425,VISA,DEBIT,PREPAID CLASSIC,"TURKIYE IS BANKASI, A.S.",,http://www.isbank.com.tr,TR,TUR,TURKEY
423430,VISA,DEBIT,PREPAID CLASSIC,"TURKIYE IS BANKASI, A.S.",,http://www.isbank.com.tr,TR,TUR,TURKEY
423431,VISA,DEBIT,PREPAID CLASSIC,"TURKIYE IS BANKASI, A.S.",,http://www.isbank.com.tr,TR,TUR,TURKEY
423432,VISA,DEBIT,CLASSIC,"TURKIYE IS BANKASI, A.S.",,http://www.isbank.com.tr,TR,TUR,TURKEY
423433,VISA,CREDIT,CLASSIC,"TURKIYE IS BANKASI, A.S.",,http://www.isbank.com.tr,TR,TUR,TURKEY
423434,VISA,DEBIT,PREPAID CLASSIC,"TURKIYE IS BANKASI, A.S.",,http://www.isbank.com.tr,TR,TUR,TURKEY
423435,VISA,DEBIT,SIGNATURE,"TURKIYE IS BANKASI, A.S.",,http://www.isbank.com.tr,TR,TUR,TURKEY
423436,VISA,DEBIT,CLASSIC,"TURKIYE IS BANKASI, A.S.",,http://www.isbank.com.tr,TR,TUR,TURKEY
423437,VISA,DEBIT,PREPAID CLASSIC,"TURKIYE IS BANKASI, A.S.",,http://www.isbank.com.tr,TR,TUR,TURKEY
423438,VISA,CREDIT,CLASSIC,"TURK EKONOMI BANKASI, A.S.",,http://www.teb.com.tr,TR,TUR,TURKEY
423439,VISA,DEBIT,CLASSIC,"TURK EKONOMI BANKASI, A.S.",,http://www.teb.com.tr,TR,TUR,TURKEY
423455,VISA,DEBIT,PREPAID CLASSIC,"TURKIYE IS BANKASI, A.S.",,http://www.isbank.com.tr,TR,TUR,TURKEY
423478,VISA,DEBIT,PLATINUM,TURKIYE VAKIFLAR BANKASI T.A.O.,+903124557851,http://www.vakifbank.com.tr,TR,TUR,TURKEY
423480,VISA,CREDIT,CLASSIC,"TURKIYE HALK BANKASI, A.S.",,http://www.halkbank.com.tr,TR,TUR,TURKEY
423495,VISA,CREDIT,PERSONAL,FIBABANKA,,,TR,TUR,TURKEY
423667,VISA,DEBIT,PREPAID,"DENIZBANK, A.S.",+904440800,http://www.denizbank.com,TR,TUR,TURKEY
423833,VISA,DEBIT,CLASSIC,SEKERBANK T.A.S.,+902123197000,http://www.sekerbank.com.tr,TR,TUR,TURKEY
424360,VISA,CREDIT,GOLD,"DENIZBANK, A.S.",,http://www.denizbank.com,TR,TUR,TURKEY
424361,VISA,CREDIT,PLATINUM,"DENIZBANK, A.S.",,http://www.denizbank.com,TR,TUR,TURKEY
424407,VISA,CREDIT,BUSINESS,"TEKFENBANK, A.S.",,,TR,TUR,TURKEY
424487,VISA,CREDIT,PERSONAL,"KUVEYT TURK KATILIM BANKASI, A.S.",+904440123,http://www.kuveytturk.com.tr,TR,TUR,TURKEY
424909,VISA,CREDIT,CLASSIC,"HSBC BANK, A.S.",+902123764000,http://www.hsbc.com.tr,TR,TUR,TURKEY
424927,VISA,CREDIT,CLASSIC,"TURKIYE FINANS KATILIM BANKASI, A.S.",,http://www.turkiyefinans.com.tr,TR,TUR,TURKEY
424931,VISA,CREDIT,CLASSIC,"TURKIYE FINANS KATILIM BANKASI , A.S.",,,TR,TUR,TURKEY
424935,VISA,CREDIT,PLATINUM,"ALBARAKA TURK KATILIM BANKASI, A.S.",,,TR,TUR,TURKEY
425669,VISA,CREDIT,BUSINESS,AKBANK T.A.S.,+904442525,http://www.akbank.com,TR,TUR,TURKEY
425846,VISA,CREDIT,GOLD,"ANADOLUBANK, A.S.",,,TR,TUR,TURKEY
425847,VISA,CREDIT,CLASSIC,"ANADOLUBANK, A.S.",,,TR,TUR,TURKEY
425848,VISA,CREDIT,BUSINESS,"ANADOLUBANK, A.S.",,,TR,TUR,TURKEY
425849,VISA,DEBIT,CLASSIC,"ANADOLUBANK, A.S.",,,TR,TUR,TURKEY
425979,VISA,DEBIT,ELECTRON,"IKTISAT BANKASI TURK, A.S.",,,TR,TUR,TURKEY
426391,VISA,CREDIT,GOLD,"CITIBANK, A.S.",+902123194500,https://www.citibank.com.tr,TR,TUR,TURKEY
426392,VISA,CREDIT,CLASSIC,"CITIBANK, A.S.",+902123194500,https://www.citibank.com.tr,TR,TUR,TURKEY
426886,VISA,CREDIT,CLASSIC,TURKIYE GARANTI BANKASI A. S.,,,TR,TUR,TURKEY
426887,VISA,CREDIT,GOLD,TURKIYE GARANTI BANKASI A. S.,,,TR,TUR,TURKEY
426888,VISA,CREDIT,PLATINUM,TURKIYE GARANTI BANKASI A. S.,,,TR,TUR,TURKEY
426889,VISA,DEBIT,ELECTRON,TURKIYE GARANTI BANKASI A. S.,,,TR,TUR,TURKEY
427308,VISA,CREDIT,CLASSIC,"TURK EKONOMI BANKASI, A.S.",,http://www.teb.com.tr,TR,TUR,TURKEY
427311,VISA,CREDIT,CORPORATE T&E,QNB BANK A.S,,,TR,TUR,TURKEY
427314,VISA,CREDIT,BUSINESS,TURKIYE GARANTI BANKASI A. S.,,,TR,TUR,TURKEY
427315,VISA,CREDIT,BUSINESS,TURKIYE GARANTI BANKASI A. S.,,,TR,TUR,TURKEY
427335,VISA,CREDIT,BUSINESS,,,,TR,TUR,TURKEY
427336,VISA,CREDIT,BUSINESS,,,,TR,TUR,TURKEY
427707,VISA,CREDIT,BUSINESS,"TURK EKONOMI BANKASI, A.S.",,http://www.teb.com.tr,TR,TUR,TURKEY
428220,VISA,CREDIT,GOLD,TURKIYE GARANTI BANKASI A. S.,,,TR,TUR,TURKEY
428221,VISA,CREDIT,PLATINUM,TURKIYE GARANTI BANKASI A. S.,,,TR,TUR,TURKEY
428240,VISA,CREDIT,PLATINUM,"HSBC BANK, A.S.",+902123764000,http://www.hsbc.com.tr,TR,TUR,TURKEY
428462,VISA,CREDIT,CLASSIC,"TURKIYE FINANS KATILIM BANKASI, A.S.",,http://www.turkiyefinans.com.tr,TR,TUR,TURKEY
428945,VISA,CREDIT,BUSINESS,TURKIYE VAKIFLAR BANKASI T.A.O.,+903124557851,http://www.vakifbank.com.tr,TR,TUR,TURKEY
431024,VISA,CREDIT,BUSINESS,"KUVEYT TURK KATILIM BANKASI, A.S.",+904440123,http://www.kuveytturk.com.tr,TR,TUR,TURKEY
431379,VISA,DEBIT,CLASSIC,QNB BANK A.S,,,TR,TUR,TURKEY
431594,VISA,CREDIT,CLASSIC,"HSBC BANK, A.S.",+902123764000,http://www.hsbc.com.tr,TR,TUR,TURKEY
432071,VISA,CREDIT,SIGNATURE,AKBANK T.A.S.,+904442525,http://www.akbank.com,TR,TUR,TURKEY
432072,VISA,CREDIT,SIGNATURE,AKBANK T.A.S.,+904442525,http://www.akbank.com,TR,TUR,TURKEY
432284,VISA,CREDIT,CLASSIC,"ALBARAKA TURK KATILIM BANKASI, A.S.",,,TR,TUR,TURKEY
432285,VISA,CREDIT,GOLD,"ALBARAKA TURK KATILIM BANKASI, A.S.",,,TR,TUR,TURKEY
432951,VISA,CREDIT,INFINITE,TURKIYE GARANTI BANKASI A. S.,,,TR,TUR,TURKEY
432952,VISA,CREDIT,INFINITE,TURKIYE GARANTI BANKASI A. S.,,,TR,TUR,TURKEY
432953,VISA,CREDIT,INFINITE,TURKIYE GARANTI BANKASI A. S.,,,TR,TUR,TURKEY
432954,VISA,CREDIT,INFINITE,TURKIYE GARANTI BANKASI A. S.,,,TR,TUR,TURKEY
433383,VISA,CREDIT,CLASSIC,SEKERBANK T.A.S.,+902123197000,http://www.sekerbank.com.tr,TR,TUR,TURKEY
433384,VISA,CREDIT,GOLD,SEKERBANK T.A.S.,+902123197000,http://www.sekerbank.com.tr,TR,TUR,TURKEY
434524,VISA,DEBIT,CLASSIC,"ALBARAKA TURK KATILIM BANKASI, A.S.",,,TR,TUR,TURKEY
434528,VISA,CREDIT,CLASSIC,"T.C. ZIRAAT BANKASI, A.S.",,,TR,TUR,TURKEY
434529,VISA,DEBIT,CLASSIC,"T.C. ZIRAAT BANKASI, A.S.",,,TR,TUR,TURKEY
434530,VISA,DEBIT,BUSINESS,TURKIYE VAKIFLAR BANKASI T.A.O.,+903124557851,http://www.vakifbank.com.tr,TR,TUR,TURKEY
434572,VISA,CREDIT,BUSINESS,"ALBARAKA TURK KATILIM BANKASI, A.S.",,,TR,TUR,TURKEY
434610,VISA,DEBIT,PREPAID CLASSIC,"SIPAY ELEKTRONIK PARA VE ODEME HIZMETLERI, A.S.",,,TR,TUR,TURKEY
434611,VISA,DEBIT,PREPAID CLASSIC,"SIPAY ELEKTRONIK PARA VE ODEME HIZMETLERI, A.S.",,,TR,TUR,TURKEY
434724,VISA,CREDIT,CLASSIC,TURKIYE VAKIFLAR BANKASI T.A.O.,+903124557851,http://www.vakifbank.com.tr,TR,TUR,TURKEY
434727,VISA,DEBIT,PREPAID CLASSIC,"TURKCELL ODEME VE ELEKTRONIK PARA-HIZMETLERI, A.S.",,,TR,TUR,TURKEY
434728,VISA,DEBIT,PREPAID,"YAPI VE KREDI BANKASI, A.S.",,http://www.yapikredi.com.tr,TR,TUR,TURKEY
434742,VISA,DEBIT,PREPAID,"YAPI VE KREDI BANKASI, A.S.",,http://www.yapikredi.com.tr,TR,TUR,TURKEY
434839,VISA,CREDIT,BUSINESS,"YAPI VE KREDI BANKASI, A.S.",,http://www.yapikredi.com.tr,TR,TUR,TURKEY
434909,VISA,DEBIT,PREPAID,"FIBABANKA, A.S.",,,TR,TUR,TURKEY
434913,VISA,DEBIT,CLASSIC,"POSTA VE TELGRAF TESKILATI, A.S.",,,TR,TUR,TURKEY
434914,VISA,DEBIT,PREPAID CLASSIC,"POSTA VE TELGRAF TESKILATI, A.S.",,,TR,TUR,TURKEY
435508,VISA,CREDIT,CLASSIC,AKBANK T.A.S.,+904442525,http://www.akbank.com,TR,TUR,TURKEY
435509,VISA,CREDIT,GOLD,AKBANK T.A.S.,+904442525,http://www.akbank.com,TR,TUR,TURKEY
435627,VISA,CREDIT,CLASSIC,"TURKIYE FINANS KATILIM BANKASI, A.S.",,http://www.turkiyefinans.com.tr,TR,TUR,TURKEY
435628,VISA,CREDIT,GOLD,"TURKIYE FINANS KATILIM BANKASI, A.S.",,http://www.turkiyefinans.com.tr,TR,TUR,TURKEY
435629,VISA,DEBIT,CLASSIC,"TURKIYE FINANS KATILIM BANKASI, A.S.",,http://www.turkiyefinans.com.tr,TR,TUR,TURKEY
435653,VISA,CREDIT,PLATINUM,QNB BANK A.S,,,TR,TUR,TURKEY
436054,VISA,DEBIT,,,,,TR,TUR,TURKEY
437194,VISA,DEBIT,,,,,TR,TUR,TURKEY
437838,VISA,CREDIT,CLASSIC,"T.C. ZIRAAT BANKASI, A.S.",,,TR,TUR,TURKEY
437897,VISA,CREDIT,CORPORATE T&E,"CITIBANK, A.S.",,https://www.citibank.com.tr,TR,TUR,TURKEY
438040,VISA,CREDIT,PLATINUM,"TURK EKONOMI BANKASI, A.S.",444 0 666 TEB,http://www.teb.com.tr,TR,TUR,TURKEY
438331,VISA,CREDIT,BUSINESS,"TURKIYE IS BANKASI, A.S.",,http://www.isbank.com.tr,TR,TUR,TURKEY
439561,VISA,DEBIT,CLASSIC,"T.C. ZIRAAT BANKASI, A.S.",,,TR,TUR,TURKEY
439562,VISA,DEBIT,PREPAID CLASSIC,"TURK ELEKTRONIK PARA, A.S.",,,TR,TUR,TURKEY
439563,VISA,DEBIT,PREPAID CLASSIC,"TURK ELEKTRONIK PARA, A.S.",,,TR,TUR,TURKEY
439573,VISA,DEBIT,PERSONAL,"LYDIANS ELEKTRONIK PARA VE ODEME HIZMETLERI, A.S.",,,TR,TUR,TURKEY
439574,VISA,DEBIT,PREPAID CLASSIC,"ININAL ODEME VE ELEKTRONIK PARA HIZMETLERI, A.S.",,,TR,TUR,TURKEY
439575,VISA,DEBIT,PREPAID CLASSIC,"LYDIANS ELEKTRONIK PARA VE ODEME HIZMETLERI, A.S.",,,TR,TUR,TURKEY
439683,VISA,DEBIT,PREPAID BUSINESS,"PALADYUM ELEKTRONIK PARA VE ODEME HIZMETLERI, A.S.",,,TR,TUR,TURKEY
439724,VISA,DEBIT,PREPAID CLASSIC,"PALADYUM ELEKTRONIK PARA VE ODEME HIZMETLERI, A.S.",,,TR,TUR,TURKEY
439748,VISA,DEBIT,PREPAID CLASSIC,"ININAL ODEME VE ELEKTRONIK PARA HIZMETLERI, A.S.",,,TR,TUR,TURKEY
439757,VISA,CREDIT,CLASSIC,QNB BANK A.S,,,TR,TUR,TURKEY
439845,VISA,CREDIT,CLASSIC,"TURK EKONOMI BANKASI, A.S.",,http://www.teb.com.tr,TR,TUR,TURKEY
439847,VISA,CREDIT,CLASSIC,KUVEYT TURK EVKAF FINANS KURUMU,,,TR,TUR,TURKEY
439848,VISA,DEBIT,BUSINESS,"KUVEYT TURK KATILIM BANKASI, A.S.",,http://www.kuveytturk.com.tr,TR,TUR,TURKEY
439849,VISA,DEBIT,CLASSIC,"KUVEYT TURK KATILIM BANKASI, A.S.",,http://www.kuveytturk.com.tr,TR,TUR,TURKEY
440247,VISA,DEBIT,CLASSIC,"TURK EKONOMI BANKASI, A.S.",,http://www.teb.com.tr,TR,TUR,TURKEY
440273,VISA,CREDIT,GOLD,"TURK EKONOMI BANKASI, A.S.",444 0 666 TEB,http://www.teb.com.tr,TR,TUR,TURKEY
440274,VISA,DEBIT,CLASSIC,"TURK EKONOMI BANKASI, A.S.",,http://www.teb.com.tr,TR,TUR,TURKEY
440293,VISA,CREDIT,CLASSIC,"TURK EKONOMI BANKASI, A.S.",,http://www.teb.com.tr,TR,TUR,TURKEY
440294,VISA,DEBIT,BUSINESS,"TURK EKONOMI BANKASI, A.S.",,http://www.teb.com.tr,TR,TUR,TURKEY
440295,VISA,DEBIT,PLATINUM,"TURK EKONOMI BANKASI, A.S.",,http://www.teb.com.tr,TR,TUR,TURKEY
440776,VISA,DEBIT,ELECTRON,"TURKIYE HALK BANKASI, A.S.",+903122892000,http://www.halkbank.com.tr,TR,TUR,TURKEY
441007,VISA,CREDIT,CLASSIC,QNB BANK A.S,,,TR,TUR,TURKEY
441033,VISA,CREDIT,CLASSIC,"ASYA KATILIM BANKASI, A.S.",+902166335000,http://www.bankasya.com.tr,TR,TUR,TURKEY
441075,VISA,DEBIT,PREPAID CLASSIC,"TURKIYE IS BANKASI, A.S.",,http://www.isbank.com.tr,TR,TUR,TURKEY
441076,VISA,DEBIT,PREPAID CLASSIC,"TURKIYE IS BANKASI, A.S.",,http://www.isbank.com.tr,TR,TUR,TURKEY
441077,VISA,DEBIT,BUSINESS,"TURKIYE IS BANKASI, A.S.",,http://www.isbank.com.tr,TR,TUR,TURKEY
441115,VISA,CREDIT,CLASSIC,"AKTIF YATIRIM BANKASI, A.S.",,,TR,TUR,TURKEY
441117,VISA,DEBIT,PREPAID CLASSIC,AS ODEME HIZMETLERI VE ELEKTRONIK PARA A.S,,,TR,TUR,TURKEY
441118,VISA,DEBIT,ELECTRON,"AKTIF YATIRIM BANKASI, A.S.",,,TR,TUR,TURKEY
441139,VISA,CREDIT,CLASSIC,"DENIZBANK, A.S.",+904440800,http://www.denizbank.com,TR,TUR,TURKEY
441206,VISA,CREDIT,CLASSIC,"TURKIYE FINANS KATILIM BANKASI, A.S.",,http://www.turkiyefinans.com.tr,TR,TUR,TURKEY
441341,VISA,CREDIT,PLATINUM,"ANADOLUBANK, A.S.",,,TR,TUR,TURKEY
442106,VISA,DEBIT,BUSINESS,"YAPI VE KREDI BANKASI, A.S.",,http://www.yapikredi.com.tr,TR,TUR,TURKEY
442395,VISA,CREDIT,PLATINUM,QNB BANK A.S,,,TR,TUR,TURKEY
442671,VISA,DEBIT,PREPAID CLASSIC,TURKIYE VAKIFLAR BANKASI T.A.O.,+903124557851,http://www.vakifbank.com.tr,TR,TUR,TURKEY
444028,VISA,DEBIT,BUSINESS,TURKIYE VAKIFLAR BANKASI T.A.O.,+903124557851,http://www.vakifbank.com.tr,TR,TUR,TURKEY
444029,VISA,CREDIT,GOLD,"FINANSBANK, A.S.",+908502220900,https://www.qnbfinansbank.com,TR,TUR,TURKEY
444616,VISA,DEBIT,,,,,TR,TUR,TURKEY
444676,VISA,CREDIT,CLASSIC,"T.C. ZIRAAT BANKASI, A.S.",,,TR,TUR,TURKEY
444677,VISA,CREDIT,GOLD,"T.C. ZIRAAT BANKASI, A.S.",,,TR,TUR,TURKEY
444678,VISA,CREDIT,PLATINUM,"T.C. ZIRAAT BANKASI, A.S.",,,TR,TUR,TURKEY
445988,VISA,DEBIT,ELECTRON,ICBC TURKEY BANK ANONIM SIRKETI,,,TR,TUR,TURKEY
446212,VISA,CREDIT,PLATINUM,"YAPI VE KREDI BANKASI, A.S.",,http://www.yapikredi.com.tr,TR,TUR,TURKEY
447501,VISA,DEBIT,ELECTRON,"KENTBANK, A.S.",+902122277065,http://www.kentcountycu.org,TR,TUR,TURKEY
447502,VISA,DEBIT,ELECTRON,"ING BANK, A.S.",+908502220600,http://www.ingbank.com.tr,TR,TUR,TURKEY
447503,VISA,DEBIT,BUSINESS,"TURK EKONOMI BANKASI, A.S.",,http://www.teb.com.tr,TR,TUR,TURKEY
447504,VISA,DEBIT,ELECTRON,"T.C. ZIRAAT BANKASI, A.S.",,,TR,TUR,TURKEY
447505,VISA,DEBIT,ELECTRON,"TURKIYE HALK BANKASI, A.S.",,http://www.halkbank.com.tr,TR,TUR,TURKEY
448472,VISA,CREDIT,CORPORATE T&E,TURKIYE GARANTI BANKASI A. S.,,,TR,TUR,TURKEY
450050,VISA,CREDIT,CLASSIC,"CITIBANK, A.S.",+902123194500,https://www.citibank.com.tr,TR,TUR,TURKEY
450051,VISA,CREDIT,GOLD,"CITIBANK, A.S.",+902123194500,https://www.citibank.com.tr,TR,TUR,TURKEY
450151,VISA,CREDIT,,,,,TR,TUR,TURKEY
450634,VISA,CREDIT,PLATINUM,"YAPI VE KREDI BANKASI, A.S.",,http://www.yapikredi.com.tr,TR,TUR,TURKEY
450749,VISA,CREDIT,CLASSIC,,,,TR,TUR,TURKEY
450803,VISA,CREDIT,BUSINESS,"TURKIYE IS BANKASI, A.S.",,http://www.isbank.com.tr,TR,TUR,TURKEY
450907,VISA,CREDIT,CLASSIC,"**PROVISIONAL BID**ZIRAAT DINAMIK BANK, A.S.",,,TR,TUR,TURKEY
450918,VISA,CREDIT,BUSINESS,"TURK EKONOMI BANKASI, A.S.",,http://www.teb.com.tr,TR,TUR,TURKEY
450927,VISA,CREDIT,PLATINUM,TURKIYE GARANTI BANKASI A. S.,,,TR,TUR,TURKEY
451454,VISA,DEBIT,CLASSIC,"TURKIYE HALK BANKASI, A.S.",,http://www.halkbank.com.tr,TR,TUR,TURKEY
453144,VISA,CREDIT,CLASSIC,"AKTIF YATIRIM BANKASI, A.S.",,,TR,TUR,TURKEY
453145,VISA,CREDIT,GOLD,"AKTIF YATIRIM BANKASI, A.S.",,,TR,TUR,TURKEY
453146,VISA,CREDIT,PLATINUM,"AKTIF YATIRIM BANKASI, A.S.",,,TR,TUR,TURKEY
453147,VISA,DEBIT,PREPAID CLASSIC,"AKTIF YATIRIM BANKASI, A.S.",,,TR,TUR,TURKEY
453148,VISA,DEBIT,CLASSIC,"AKTIF YATIRIM BANKASI, A.S.",,,TR,TUR,TURKEY
453149,VISA,DEBIT,PREPAID CLASSIC,"GOLDEN GLOBAL YATIRIM BANKASI, A.S.",,,TR,TUR,TURKEY
453955,VISA,DEBIT,PREPAID CLASSIC,BIRLESIK ODEME HIZMETLERI VE ELEKTRONIK PARA A.S,,,TR,TUR,TURKEY
453956,VISA,CREDIT,PLATINUM,"TURK EKONOMI BANKASI, A.S.",,http://www.teb.com.tr,TR,TUR,TURKEY
454309,VISA,CREDIT,,TURKIYE TURIZM YATIRIM VE DIS TICARET BANKASI,,,TR,TUR,TURKEY
454314,VISA,DEBIT,CLASSIC,"TURKIYE IS BANKASI, A.S.",,http://www.isbank.com.tr,TR,TUR,TURKEY
454318,VISA,CREDIT,CLASSIC,"TURKIYE IS BANKASI, A.S.",,http://www.isbank.com.tr,TR,TUR,TURKEY
454358,VISA,CREDIT,GOLD,"TURKIYE IS BANKASI, A.S.",,http://www.isbank.com.tr,TR,TUR,TURKEY
454359,VISA,CREDIT,GOLD,"TURKIYE IS BANKASI, A.S.",,http://www.isbank.com.tr,TR,TUR,TURKEY
454360,VISA,CREDIT,CLASSIC,"TURKIYE IS BANKASI, A.S.",,http://www.isbank.com.tr,TR,TUR,TURKEY
454671,VISA,CREDIT,CLASSIC,"T.C. ZIRAAT BANKASI, A.S.",,,TR,TUR,TURKEY
454672,VISA,CREDIT,CLASSIC,"T.C. ZIRAAT BANKASI, A.S.",,,TR,TUR,TURKEY
454673,VISA,CREDIT,BUSINESS,"T.C. ZIRAAT BANKASI, A.S.",,,TR,TUR,TURKEY
454674,VISA,CREDIT,GOLD,"T.C. ZIRAAT BANKASI, A.S.",,,TR,TUR,TURKEY
454894,VISA,DEBIT,PREPAID,SEKERBANK T.A.S.,+902123197000,http://www.sekerbank.com.tr,TR,TUR,TURKEY
455062,VISA,CREDIT,,,,,TR,TUR,TURKEY
455063,VISA,CREDIT,,,,,TR,TUR,TURKEY
455064,VISA,CREDIT,,,,,TR,TUR,TURKEY
455359,VISA,CREDIT,BUSINESS,"YAPI VE KREDI BANKASI, A.S.",,http://www.yapikredi.com.tr,TR,TUR,TURKEY
455360,VISA,DEBIT,GOLD,"YAPI VE KREDI BANKASI, A.S.",+904440444,http://www.yapikredi.com.tr,TR,TUR,TURKEY
455571,VISA,CREDIT,GOLD,"ING BANK, A.S.",,http://www.ingbank.com.tr,TR,TUR,TURKEY
455645,VISA,CREDIT,INFINITE,"TURK EKONOMI BANKASI, A.S.",,http://www.teb.com.tr,TR,TUR,TURKEY
456054,VISA,CREDIT,CLASSIC,"BANKALARARASI KART MERKEZI, A.S.",,,TR,TUR,TURKEY
456057,VISA,CREDIT,CLASSIC,ICBC TURKEY BANK ANONIM SIRKETI,,,TR,TUR,TURKEY
456059,VISA,CREDIT,GOLD,ICBC TURKEY BANK ANONIM SIRKETI,,,TR,TUR,TURKEY
456077,VISA,CREDIT,,"IKTISAT BANKASI TURK, A.S.",,,TR,TUR,TURKEY
456372,VISA,CREDIT,CLASSIC,SEKERBANK T.A.S.,,http://www.sekerbank.com.tr,TR,TUR,TURKEY
456373,VISA,CREDIT,CLASSIC,AKBANK T.A.S.,+904442525,http://www.akbank.com,TR,TUR,TURKEY
456408,VISA,CREDIT,,"TURK TICARET BANKASI, A.S.",+902125114040,http://www.turkbank.com.tr,TR,TUR,TURKEY
456507,VISA,CREDIT,BUSINESS,TURKIYE GARANTI BANKASI A. S.,,,TR,TUR,TURKEY
456838,VISA,DEBIT,CLASSIC,ZIRAAT FINANSAL TEKNOLOJILER ELEKTRONIK PARA VE DEME HIZMETLERI A S,,,TR,TUR,TURKEY
456924,VISA,DEBIT,CLASSIC,,,,TR,TUR,TURKEY
456925,VISA,DEBIT,PREPAID CLASSIC,AS ODEME HIZMETLERI VE ELEKTRONIK PARA A.S,,,TR,TUR,TURKEY
456944,VISA,CREDIT,BUSINESS,"TURKIYE HALK BANKASI, A.S.",,http://www.halkbank.com.tr,TR,TUR,TURKEY
459026,VISA,CREDIT,BUSINESS,"TURK EKONOMI BANKASI, A.S.",,http://www.teb.com.tr,TR,TUR,TURKEY
459068,VISA,DEBIT,CLASSIC,SEKERBANK T.A.S.,+902123197000,http://www.sekerbank.com.tr,TR,TUR,TURKEY
459252,VISA,CREDIT,BUSINESS,TURKIYE VAKIFLAR BANKASI T.A.O.,+903124557851,http://www.vakifbank.com.tr,TR,TUR,TURKEY
459268,VISA,CREDIT,CLASSIC,SEKERBANK T.A.S.,+902123197000,http://www.sekerbank.com.tr,TR,TUR,TURKEY
459332,VISA,CREDIT,PLATINUM,"FINANSBANK, A.S.",+908502220900,https://www.qnbfinansbank.com,TR,TUR,TURKEY
459333,VISA,DEBIT,ELECTRON,"FINANSBANK, A.S.",+908502220900,https://www.qnbfinansbank.com,TR,TUR,TURKEY
459582,VISA,CREDIT,,"DENIZBANK, A.S.",+904440800,http://www.denizbank.com,TR,TUR,TURKEY
459907,VISA,CREDIT,CLASSIC,,,,TR,TUR,TURKEY
460345,VISA,CREDIT,CLASSIC,"DENIZBANK, A.S.",,http://www.denizbank.com,TR,TUR,TURKEY
460346,VISA,DEBIT,ELECTRON,"DENIZBANK, A.S.",,http://www.denizbank.com,TR,TUR,TURKEY
460347,VISA,CREDIT,GOLD,"DENIZBANK, A.S.",,http://www.denizbank.com,TR,TUR,TURKEY
460925,VISA,DEBIT,PREPAID CLASSIC,"TURKIYE IS BANKASI, A.S.",,http://www.isbank.com.tr,TR,TUR,TURKEY
460944,VISA,DEBIT,PREPAID,"PALADYUM ELEKTRONIK PARA VE ODEME HIZMETLERI, A.S.",,,TR,TUR,TURKEY
460952,VISA,DEBIT,BUSINESS,"T.C. ZIRAAT BANKASI, A.S.",,,TR,TUR,TURKEY
460957,VISA,DEBIT,PREPAID CLASSIC,"PAPARA ELEKTRONIK PARA VE ODEME HIZMETLERI, A.S.",,,TR,TUR,TURKEY
460958,VISA,DEBIT,PREPAID CLASSIC,"PAPARA ELEKTRONIK PARA VE ODEME HIZMETLERI, A.S.",,,TR,TUR,TURKEY
460959,VISA,DEBIT,PREPAID CLASSIC,"PAPARA ELEKTRONIK PARA VE ODEME HIZMETLERI, A.S.",,,TR,TUR,TURKEY
460962,VISA,DEBIT,PREPAID CLASSIC,"ININAL ODEME VE ELEKTRONIK PARA HIZMETLERI, A.S.",,,TR,TUR,TURKEY
462274,VISA,CREDIT,BUSINESS,TURKIYE GARANTI BANKASI A. S.,,,TR,TUR,TURKEY
462276,VISA,DEBIT,PREPAID,"DENIZBANK, A.S.",+904440800,http://www.denizbank.com,TR,TUR,TURKEY
462448,VISA,CREDIT,GOLD,"DENIZBANK, A.S.",+904440800,http://www.denizbank.com,TR,TUR,TURKEY
462449,VISA,CREDIT,PLATINUM,DENIZBANK,,,TR,TUR,TURKEY
462721,VISA,CREDIT,CLASSIC,"TOPRAKBANK, A.S.",212:2569855,,TR,TUR,TURKEY
463336,VISA,CREDIT,BUSINESS,"ING BANK, A.S.",,http://www.ingbank.com.tr,TR,TUR,TURKEY
463359,VISA,CREDIT,CLASSIC,"ALBARAKA TURK KATILIM BANKASI, A.S.",,,TR,TUR,TURKEY
463367,VISA,DEBIT,PREPAID,ININAL ODEME VE ELEKTRONIK PARA HIZ. A.S,,,TR,TUR,TURKEY
464450,VISA,CREDIT,,"ADABANK, A.S.",,http://www.adabank.com.tr,TR,TUR,TURKEY
464451,VISA,CREDIT,,,,,TR,TUR,TURKEY
465574,VISA,DEBIT,ELECTRON,"DENIZBANK, A.S.",+904440800,http://www.denizbank.com,TR,TUR,TURKEY
466260,VISA,DEBIT,CLASSIC,"TURKIYE HALK BANKASI, A.S.",,http://www.halkbank.com.tr,TR,TUR,TURKEY
466280,VISA,CREDIT,CLASSIC,"ALTERNATIFBANK, A.S.",,http://www.abank.com.tr,TR,TUR,TURKEY
466281,VISA,CREDIT,GOLD,"ALTERNATIFBANK, A.S.",,http://www.abank.com.tr,TR,TUR,TURKEY
466282,VISA,CREDIT,PLATINUM,"ALTERNATIFBANK, A.S.",,http://www.abank.com.tr,TR,TUR,TURKEY
466283,VISA,CREDIT,BUSINESS,"ALTERNATIFBANK, A.S.",,http://www.abank.com.tr,TR,TUR,TURKEY
466284,VISA,DEBIT,CLASSIC,"ALTERNATIFBANK, A.S.",,http://www.abank.com.tr,TR,TUR,TURKEY
467293,VISA,CREDIT,GOLD,TURKIYE GARANTI BANKASI A. S.,,,TR,TUR,TURKEY
467295,VISA,CREDIT,BUSINESS,TURKIYE GARANTI BANKASI A. S.,,,TR,TUR,TURKEY
468791,VISA,CREDIT,PLATINUM,"ODEA BANK, A.S.",,,TR,TUR,TURKEY
468793,VISA,CREDIT,BUSINESS,"ODEA BANK, A.S.",,,TR,TUR,TURKEY
468794,VISA,CREDIT,CORPORATE T&E,"ODEA BANK, A.S.",,,TR,TUR,TURKEY
468795,VISA,CREDIT,CORPORATE T&E,"ODEA BANK, A.S.",,,TR,TUR,TURKEY
468796,VISA,DEBIT,BUSINESS,"ODEA BANK, A.S.",,,TR,TUR,TURKEY
468797,VISA,DEBIT,ELECTRON,"ODEA BANK, A.S.",,,TR,TUR,TURKEY
468973,VISA,CREDIT,PERSONAL,FIBABANK,,,TR,TUR,TURKEY
469180,VISA,CREDIT,GOLD,"ODEA BANK, A.S.",,,TR,TUR,TURKEY
469181,VISA,CREDIT,PLATINUM,"ODEA BANK, A.S.",,,TR,TUR,TURKEY
469183,VISA,CREDIT,CLASSIC,"ODEA BANK, A.S.",,,TR,TUR,TURKEY
469184,VISA,DEBIT,ELECTRON,"ODEA BANK, A.S.",,,TR,TUR,TURKEY
469188,VISA,CREDIT,BUSINESS,"TURK EKONOMI BANKASI, A.S.",,http://www.teb.com.tr,TR,TUR,TURKEY
469884,VISA,CREDIT,BUSINESS,"T.C. ZIRAAT BANKASI, A.S.",,,TR,TUR,TURKEY
470954,VISA,CREDIT,CLASSIC,"TURKIYE FINANS KATILIM BANKASI, A.S.",,http://www.turkiyefinans.com.tr,TR,TUR,TURKEY
471509,VISA,CREDIT,PURCHASING,"CITIBANK, A.S.",,https://www.citibank.com.tr,TR,TUR,TURKEY
471688,VISA,DEBIT,PREPAID CLASSIC,"TURKCELL ODEME VE ELEKTRONIK PARA-HIZMETLERI, A.S.",,,TR,TUR,TURKEY
472914,VISA,CREDIT,CLASSIC,"DENIZBANK, A.S.",,http://www.denizbank.com,TR,TUR,TURKEY
472915,VISA,CREDIT,CLASSIC,"DENIZBANK, A.S.",,http://www.denizbank.com,TR,TUR,TURKEY
473130,VISA,CREDIT,INFINITE,TURKIYE GARANTI BANKASI A. S.,,,TR,TUR,TURKEY
473945,VISA,DEBIT,PREPAID BUSINESS,"ININAL ODEME VE ELEKTRONIK PARA HIZMETLERI, A.S.",,,TR,TUR,TURKEY
473956,VISA,DEBIT,PREPAID CLASSIC,"TURKIYE IS BANKASI, A.S.",,http://www.isbank.com.tr,TR,TUR,TURKEY
473957,VISA,DEBIT,PREPAID CLASSIC,"TURKIYE IS BANKASI, A.S.",,http://www.isbank.com.tr,TR,TUR,TURKEY
473998,VISA,CREDIT,CORPORATE T&E,"TURKIYE IS BANKASI, A.S.",,http://www.isbank.com.tr,TR,TUR,TURKEY
474108,VISA,CREDIT,SIGNATURE,"TURK EKONOMI BANKASI, A.S.",,http://www.teb.com.tr,TR,TUR,TURKEY
474123,VISA,CREDIT,BUSINESS,TURKIYE GARANTI BANKASI A. S.,,,TR,TUR,TURKEY
474138,VISA,DEBIT,PREPAID BUSINESS,"TURKIYE IS BANKASI, A.S.",,http://www.isbank.com.tr,TR,TUR,TURKEY
474151,VISA,CREDIT,SIGNATURE,TURKIYE GARANTI BANKASI A. S.,,,TR,TUR,TURKEY
474215,VISA,CREDIT,CLASSIC,TURKIYE GARANTI BANKASI A. S.,,,TR,TUR,TURKEY
474259,VISA,DEBIT,PREPAID CLASSIC,"PALADYUM ELEKTRONIK PARA VE ODEME HIZMETLERI, A.S.",,,TR,TUR,TURKEY
474263,VISA,DEBIT,PREPAID CLASSIC,"GOLDEN GLOBAL YATIRIM BANKASI, A.S.",,,TR,TUR,TURKEY
474301,VISA,CREDIT,INFINITE,"TURKIYE IS BANKASI, A.S.",,http://www.isbank.com.tr,TR,TUR,TURKEY
474302,VISA,DEBIT,INFINITE,"TURKIYE IS BANKASI, A.S.",,http://www.isbank.com.tr,TR,TUR,TURKEY
474308,VISA,CREDIT,INFINITE,"TURKIYE IS BANKASI, A.S.",,http://www.isbank.com.tr,TR,TUR,TURKEY
474340,VISA,CREDIT,SIGNATURE,"TURKIYE IS BANKASI, A.S.",,http://www.isbank.com.tr,TR,TUR,TURKEY
474500,VISA,DEBIT,INFINITE,"TURKIYE IS BANKASI, A.S.",,http://www.isbank.com.tr,TR,TUR,TURKEY
474508,VISA,CREDIT,SIGNATURE,"TURKIYE IS BANKASI, A.S.",,http://www.isbank.com.tr,TR,TUR,TURKEY
474528,VISA,CREDIT,BUSINESS,TURKIYE GARANTI BANKASI A. S.,,,TR,TUR,TURKEY
474540,VISA,DEBIT,PREPAID BUSINESS,"GOLDEN GLOBAL YATIRIM BANKASI, A.S.",,,TR,TUR,TURKEY
474823,VISA,DEBIT,PREPAID,"ING BANK, A.S.",+908502220600,http://www.ingbank.com.tr,TR,TUR,TURKEY
474853,VISA,DEBIT,CLASSIC,AKBANK T.A.S.,+904442525,http://www.akbank.com,TR,TUR,TURKEY
474854,VISA,DEBIT,PREPAID PRIVATE LABEL STANDARD,AKBANK T.A.S.,+904442525,http://www.akbank.com,TR,TUR,TURKEY
475213,VISA,DEBIT,,,,,TR,TUR,TURKEY
476619,VISA,DEBIT,CLASSIC,"T.C. ZIRAAT BANKASI, A.S.",,,TR,TUR,TURKEY
476625,VISA,CREDIT,BUSINESS,"YAPI VE KREDI BANKASI, A.S.",,http://www.yapikredi.com.tr,TR,TUR,TURKEY
476626,VISA,CREDIT,BUSINESS,"YAPI VE KREDI BANKASI, A.S.",,http://www.yapikredi.com.tr,TR,TUR,TURKEY
476662,VISA,DEBIT,PREPAID CLASSIC,"DENIZBANK, A.S.",,http://www.denizbank.com,TR,TUR,TURKEY
477206,VISA,CREDIT,PLATINUM,"ASYA KATILIM BANKASI, A.S.",+902166335000,http://www.bankasya.com.tr,TR,TUR,TURKEY
477294,VISA,DEBIT,PREPAID BUSINESS,"GOLDEN GLOBAL YATIRIM BANKASI, A.S.",,,TR,TUR,TURKEY
477959,VISA,CREDIT,PERSONAL,"YAPI VE KREDI BANKASI, A.S.",+904440444,http://www.yapikredi.com.tr,TR,TUR,TURKEY
478500,VISA,DEBIT,PREPAID CLASSIC,"ININAL ODEME VE ELEKTRONIK PARA HIZMETLERI, A.S.",,,TR,TUR,TURKEY
478504,VISA,DEBIT,PREPAID CLASSIC,"PAPARA ELEKTRONIK PARA VE ODEME HIZMETLERI, A.S.",,,TR,TUR,TURKEY
478551,VISA,DEBIT,BUSINESS,"TURKIYE HALK BANKASI, A.S.",,http://www.halkbank.com.tr,TR,TUR,TURKEY
478592,VISA,CREDIT,PERSONAL,"TURK ELEKTRONIK PARA, A.S.",,,TR,TUR,TURKEY
478593,VISA,DEBIT,PREPAID CLASSIC,"TURK ELEKTRONIK PARA, A.S.",,,TR,TUR,TURKEY
478594,VISA,DEBIT,PREPAID BUSINESS,"TURK ELEKTRONIK PARA, A.S.",,,TR,TUR,TURKEY
478797,VISA,CREDIT,CLASSIC,"ING BANK, A.S.",+902123351000,http://www.ingbank.com.tr,TR,TUR,TURKEY
478798,VISA,CREDIT,GOLD,"ING BANK, A.S.",+902123351000,http://www.ingbank.com.tr,TR,TUR,TURKEY
479227,VISA,CREDIT,BUSINESS,"TURK EKONOMI BANKASI, A.S.",,http://www.teb.com.tr,TR,TUR,TURKEY
479610,VISA,CREDIT,CLASSIC,"TURKIYE IS BANKASI, A.S.",,http://www.isbank.com.tr,TR,TUR,TURKEY
479612,VISA,DEBIT,PLATINUM,"YAPI VE KREDI BANKASI, A.S.",,http://www.yapikredi.com.tr,TR,TUR,TURKEY
479620,VISA,CREDIT,CLASSIC,"YAPI VE KREDI BANKASI, A.S.",,http://www.yapikredi.com.tr,TR,TUR,TURKEY
479632,VISA,DEBIT,BUSINESS,"ING BANK, A.S.",,http://www.ingbank.com.tr,TR,TUR,TURKEY
479633,VISA,DEBIT,PREPAID,"ING BANK, A.S.",,http://www.ingbank.com.tr,TR,TUR,TURKEY
479660,VISA,CREDIT,CLASSIC,TURKIYE GARANTI BANKASI A. S.,,,TR,TUR,TURKEY
479661,VISA,CREDIT,CLASSIC,TURKIYE GARANTI BANKASI A. S.,,,TR,TUR,TURKEY
479662,VISA,DEBIT,CLASSIC,TURKIYE GARANTI BANKASI A. S.,,,TR,TUR,TURKEY
479671,VISA,CREDIT,CLASSIC,"ALBARAKA TURK KATILIM BANKASI, A.S.",,,TR,TUR,TURKEY
479679,VISA,DEBIT,BUSINESS,QNB BANK A.S,,,TR,TUR,TURKEY
479680,VISA,CREDIT,CLASSIC,AKBANK T.A.S.,+904442525,http://www.akbank.com,TR,TUR,TURKEY
479681,VISA,DEBIT,CLASSIC,AKBANK T.A.S.,+904442525,http://www.akbank.com,TR,TUR,TURKEY
479682,VISA,DEBIT,BUSINESS,TURKIYE GARANTI BANKASI A. S.,,,TR,TUR,TURKEY
479794,VISA,CREDIT,CLASSIC,"YAPI VE KREDI BANKASI, A.S.",,http://www.yapikredi.com.tr,TR,TUR,TURKEY
479795,VISA,CREDIT,PLATINUM,"YAPI VE KREDI BANKASI, A.S.",,http://www.yapikredi.com.tr,TR,TUR,TURKEY
479908,VISA,CREDIT,BUSINESS,TURKIYE VAKIFLAR BANKASI T.A.O.,+903124557851,http://www.vakifbank.com.tr,TR,TUR,TURKEY
479909,VISA,CREDIT,PLATINUM,TURKIYE VAKIFLAR BANKASI T.A.O.,+903124557851,http://www.vakifbank.com.tr,TR,TUR,TURKEY
479915,VISA,CREDIT,CLASSIC,"TURKIYE FINANS KATILIM BANKASI, A.S.",,http://www.turkiyefinans.com.tr,TR,TUR,TURKEY
479916,VISA,CREDIT,GOLD,"TURKIYE FINANS KATILIM BANKASI, A.S.",,http://www.turkiyefinans.com.tr,TR,TUR,TURKEY
479917,VISA,CREDIT,PLATINUM,"TURKIYE FINANS KATILIM BANKASI, A.S.",,http://www.turkiyefinans.com.tr,TR,TUR,TURKEY
480296,VISA,CREDIT,BUSINESS,"ING BANK, A.S.",,http://www.ingbank.com.tr,TR,TUR,TURKEY
480998,VISA,DEBIT,ELECTRON,,,,TR,TUR,TURKEY
482211,VISA,DEBIT,,,,,TR,TUR,TURKEY
482465,VISA,DEBIT,CLASSIC,"T.C. ZIRAAT BANKASI, A.S.",,,TR,TUR,TURKEY
482489,VISA,CREDIT,CLASSIC,TURKIYE GARANTI BANKASI A. S.,,,TR,TUR,TURKEY
482490,VISA,CREDIT,GOLD,TURKIYE GARANTI BANKASI A. S.,,,TR,TUR,TURKEY
482491,VISA,CREDIT,PLATINUM,TURKIYE GARANTI BANKASI A. S.,,,TR,TUR,TURKEY
483013,VISA,CREDIT,CLASSIC,BURGAN BANK,,,TR,TUR,TURKEY
483602,VISA,DEBIT,CLASSIC,"TURKIYE IS BANKASI, A.S.",,http://www.isbank.com.tr,TR,TUR,TURKEY
483604,VISA,CREDIT,CLASSIC,,,,TR,TUR,TURKEY
483612,VISA,DEBIT,CLASSIC,TURKIYE VAKIFLAR BANKASI T.A.O.,+903124557851,http://www.vakifbank.com.tr,TR,TUR,TURKEY
483673,VISA,CREDIT,GOLD,"KUVEYT TURK KATILIM BANKASI, A.S.",,http://www.kuveytturk.com.tr,TR,TUR,TURKEY
483674,VISA,DEBIT,CLASSIC,"KUVEYT TURK KATILIM BANKASI, A.S.",,http://www.kuveytturk.com.tr,TR,TUR,TURKEY
483703,VISA,CREDIT,PERSONAL,VAKIF KATILIM BANKASI A.S,,,TR,TUR,TURKEY
483704,VISA,CREDIT,PERSONAL,VAKIF KATILIM BANKASI A.S,,,TR,TUR,TURKEY
483714,VISA,DEBIT,ELECTRON,"KUVEYT TURK KATILIM BANKASI, A.S.",,http://www.kuveytturk.com.tr,TR,TUR,TURKEY
483747,VISA,DEBIT,PREPAID ELECTRON,"DENIZBANK, A.S.",+904440800,http://www.denizbank.com,TR,TUR,TURKEY
484912,VISA,DEBIT,,,,,TR,TUR,TURKEY
485060,VISA,DEBIT,CLASSIC,TURKIYE FINANS KATILIM BANKASI,,,TR,TUR,TURKEY
485061,VISA,DEBIT,GOLD,"TURKIYE FINANS KATILIM BANKASI, A.S.",,http://www.turkiyefinans.com.tr,TR,TUR,TURKEY
486567,VISA,CREDIT,PURCHASING,TURKIYE GARANTI BANKASI A. S.,,,TR,TUR,TURKEY
487074,VISA,CREDIT,GOLD,TURKIYE GARANTI BANKASI A. S.,,,TR,TUR,TURKEY
487075,VISA,CREDIT,SIGNATURE,TURKIYE GARANTI BANKASI A. S.,,,TR,TUR,TURKEY
487146,VISA,CREDIT,INFINITE,"T.C. ZIRAAT BANKASI, A.S.",,,TR,TUR,TURKEY
487147,VISA,CREDIT,BUSINESS,"T.C. ZIRAAT BANKASI, A.S.",,,TR,TUR,TURKEY
487148,VISA,DEBIT,INFINITE,"T.C. ZIRAAT BANKASI, A.S.",,,TR,TUR,TURKEY
487149,VISA,DEBIT,BUSINESS,"T.C. ZIRAAT BANKASI, A.S.",,,TR,TUR,TURKEY
489375,VISA,DEBIT,PREPAID CLASSIC,"TURKIYE IS BANKASI, A.S.",,http://www.isbank.com.tr,TR,TUR,TURKEY
489401,VISA,DEBIT,BUSINESS,SEKERBANK T.A.S.,+902123197000,http://www.sekerbank.com.tr,TR,TUR,TURKEY
489455,VISA,DEBIT,CLASSIC,TURKIYE GARANTI BANKASI A. S.,,,TR,TUR,TURKEY
489456,VISA,CREDIT,CLASSIC,"DENIZBANK, A.S.",,http://www.denizbank.com,TR,TUR,TURKEY
489457,VISA,CREDIT,GOLD,"DENIZBANK, A.S.",+904440800,http://www.denizbank.com,TR,TUR,TURKEY
489458,VISA,CREDIT,PLATINUM,"DENIZBANK, A.S.",,http://www.denizbank.com,TR,TUR,TURKEY
489477,VISA,CREDIT,CLASSIC,TURKIYE GARANTI BANKASI A. S.,,,TR,TUR,TURKEY
489478,VISA,CREDIT,GOLD,TURKIYE GARANTI BANKASI A. S.,,,TR,TUR,TURKEY
489479,VISA,CREDIT,PLATINUM,TURKIYE GARANTI BANKASI A. S.,,,TR,TUR,TURKEY
489494,VISA,CREDIT,CLASSIC,"TURK EKONOMI BANKASI, A.S.",,http://www.teb.com.tr,TR,TUR,TURKEY
489495,VISA,CREDIT,PLATINUM,"TURK EKONOMI BANKASI, A.S.",,http://www.teb.com.tr,TR,TUR,TURKEY
489496,VISA,CREDIT,BUSINESS,"TURK EKONOMI BANKASI, A.S.",,http://www.teb.com.tr,TR,TUR,TURKEY
489897,VISA,DEBIT,,,,,TR,TUR,TURKEY
489989,VISA,CREDIT,CLASSIC,"TOPRAKBANK, A.S.",212:2569855,,TR,TUR,TURKEY
490175,VISA,CREDIT,CLASSIC,TURKIYE GARANTI BANKASI A. S.,,,TR,TUR,TURKEY
490740,VISA,CREDIT,,AKBANK T.A.S.,+904442525,http://www.akbank.com,TR,TUR,TURKEY
490805,VISA,CREDIT,CLASSIC,"ING BANK, A.S.",+908502220600,http://www.ingbank.com.tr,TR,TUR,TURKEY
490806,VISA,CREDIT,GOLD,"ING BANK, A.S.",+908502220600,http://www.ingbank.com.tr,TR,TUR,TURKEY
490807,VISA,CREDIT,BUSINESS,"ING BANK, A.S.",+908502220600,http://www.ingbank.com.tr,TR,TUR,TURKEY
490808,VISA,DEBIT,ELECTRON,"ING BANK, A.S.",,http://www.ingbank.com.tr,TR,TUR,TURKEY
490983,VISA,DEBIT,CLASSIC,"YAPI VE KREDI BANKASI, A.S.",+904440444,http://www.yapikredi.com.tr,TR,TUR,TURKEY
491005,VISA,DEBIT,CLASSIC,TURKIYE VAKIFLAR BANKASI T.A.O.,+903124557851,http://www.vakifbank.com.tr,TR,TUR,TURKEY
491205,VISA,CREDIT,SIGNATURE,"YAPI VE KREDI BANKASI, A.S.",,http://www.yapikredi.com.tr,TR,TUR,TURKEY
491206,VISA,CREDIT,PLATINUM,"YAPI VE KREDI BANKASI, A.S.",,http://www.yapikredi.com.tr,TR,TUR,TURKEY
491373,VISA,CREDIT,GOLD,"BURGAN BANK, A.S.",,,TR,TUR,TURKEY
491374,VISA,CREDIT,CLASSIC,"EUROBANK TEKFEN, A.S.",+904448222,http://www.eurobanktekfen.com,TR,TUR,TURKEY
492094,VISA,CREDIT,GOLD,"TURKIYE HALK BANKASI, A.S.",,http://www.halkbank.com.tr,TR,TUR,TURKEY
492095,VISA,CREDIT,CLASSIC,"TURKIYE HALK BANKASI, A.S.",,http://www.halkbank.com.tr,TR,TUR,TURKEY
492128,VISA,CREDIT,CLASSIC,"YAPI VE KREDI BANKASI, A.S.",,http://www.yapikredi.com.tr,TR,TUR,TURKEY
492129,VISA,DEBIT,CLASSIC,"YAPI VE KREDI BANKASI, A.S.",+904440444,http://www.yapikredi.com.tr,TR,TUR,TURKEY
492130,VISA,CREDIT,PLATINUM,"YAPI VE KREDI BANKASI, A.S.",,http://www.yapikredi.com.tr,TR,TUR,TURKEY
492131,VISA,CREDIT,CLASSIC,"YAPI VE KREDI BANKASI, A.S.",+904440444,http://www.yapikredi.com.tr,TR,TUR,TURKEY
492187,VISA,CREDIT,GOLD,TURKIYE GARANTI BANKASI A. S.,,,TR,TUR,TURKEY
492192,VISA,CREDIT,CLASSIC,"DENIZBANK, A.S.",,http://www.denizbank.com,TR,TUR,TURKEY
492193,VISA,CREDIT,CLASSIC,TURKIYE GARANTI BANKASI A. S.,,,TR,TUR,TURKEY
493482,VISA,CREDIT,,,,,TR,TUR,TURKEY
493837,VISA,CREDIT,CLASSIC,SEKERBANK T.A.S.,+902123197000,http://www.sekerbank.com.tr,TR,TUR,TURKEY
493840,VISA,CREDIT,CLASSIC,TURKIYE VAKIFLAR BANKASI T.A.O.,+903124557851,http://www.vakifbank.com.tr,TR,TUR,TURKEY
493841,VISA,CREDIT,CLASSIC,TURKIYE VAKIFLAR BANKASI T.A.O.,+903124557851,http://www.vakifbank.com.tr,TR,TUR,TURKEY
493846,VISA,CREDIT,GOLD,TURKIYE VAKIFLAR BANKASI T.A.O.,+903124557851,http://www.vakifbank.com.tr,TR,TUR,TURKEY
494063,VISA,CREDIT,GOLD,SEKERBANK T.A.S.,+902123197000,http://www.sekerbank.com.tr,TR,TUR,TURKEY
494064,VISA,CREDIT,CLASSIC,SEKERBANK T.A.S.,+902123197000,http://www.sekerbank.com.tr,TR,TUR,TURKEY
494100,VISA,CREDIT,CLASSIC,"TOPRAKBANK, A.S.",212:2569855,,TR,TUR,TURKEY
494101,VISA,DEBIT,PREPAID CLASSIC,ZIRAAT FINANSAL TEKNOLOJILER ELEKTRONIK PARA VE DEME HIZMETLERI A S,,,TR,TUR,TURKEY
494102,VISA,CREDIT,GOLD,"TOPRAKBANK, A.S.",212:2569855,,TR,TUR,TURKEY
494314,VISA,DEBIT,CLASSIC,"YAPI VE KREDI BANKASI, A.S.",,http://www.yapikredi.com.tr,TR,TUR,TURKEY
494316,VISA,DEBIT,BUSINESS,SEKERBANK T.A.S.,+902123197000,http://www.sekerbank.com.tr,TR,TUR,TURKEY
494760,VISA,DEBIT,,,,,TR,TUR,TURKEY
496019,VISA,CREDIT,CLASSIC,"HSBC BANK, A.S.",+902123764000,http://www.hsbc.com.tr,TR,TUR,TURKEY
497022,VISA,DEBIT,CLASSIC,"TURK EKONOMI BANKASI, A.S.",,http://www.teb.com.tr,TR,TUR,TURKEY
498516,VISA,CREDIT,CLASSIC,BURGAN BANK,,,TR,TUR,TURKEY
498517,VISA,CREDIT,GOLD,BURGAN BANK,,,TR,TUR,TURKEY
498518,VISA,CREDIT,PLATINUM,BURGAN BANK,,,TR,TUR,TURKEY
498519,VISA,CREDIT,PLATINUM,BURGAN BANK,,,TR,TUR,TURKEY
498520,VISA,CREDIT,BUSINESS,BURGAN BANK,,,TR,TUR,TURKEY
498521,VISA,CREDIT,BUSINESS,BURGAN BANK,,,TR,TUR,TURKEY
498597,VISA,DEBIT,PREPAID CLASSIC,"OZAN ELEKTRONIK PARA, A.S.",,,TR,TUR,TURKEY
498598,VISA,DEBIT,PREPAID CLASSIC,"TURKCELL ODEME VE ELEKTRONIK PARA-HIZMETLERI, A.S.",,,TR,TUR,TURKEY
498724,VISA,CREDIT,GOLD,"TURKIYE FINANS KATILIM BANKASI, A.S.",,http://www.turkiyefinans.com.tr,TR,TUR,TURKEY
498725,VISA,CREDIT,PLATINUM,"TURKIYE FINANS KATILIM BANKASI, A.S.",,http://www.turkiyefinans.com.tr,TR,TUR,TURKEY
498749,VISA,DEBIT,CLASSIC,QNB BANK A.S,,,TR,TUR,TURKEY
498852,VISA,CREDIT,BUSINESS,"TURKIYE HALK BANKASI, A.S.",,http://www.halkbank.com.tr,TR,TUR,TURKEY
499600,VISA,DEBIT,,,,,TR,TUR,TURKEY
499821,VISA,DEBIT,ELECTRON,"TURKIYE HALK BANKASI, A.S.",,http://www.halkbank.com.tr,TR,TUR,TURKEY
499850,VISA,CREDIT,CLASSIC,QNB BANK A.S,,,TR,TUR,TURKEY
499851,VISA,CREDIT,PLATINUM,QNB BANK A.S,,,TR,TUR,TURKEY
499852,VISA,CREDIT,PLATINUM,QNB BANK A.S,,,TR,TUR,TURKEY
499853,VISA,DEBIT,CLASSIC,QNB BANK A.S,,,TR,TUR,TURKEY
500166,MAESTRO,DEBIT,STANDARD,,,,TR,TUR,TURKEY
501774,MAESTRO,DEBIT,,VAKIF BANK,,,TR,TUR,TURKEY
501807,MAESTRO,DEBIT,,,,,TR,TUR,TURKEY
502850,MAESTRO,DEBIT,STANDARD,,,,TR,TUR,TURKEY
504166,MAESTRO,DEBIT,PERSONAL,AKTIFBANK,,,TR,TUR,TURKEY
504668,MAESTRO,DEBIT,STANDARD,,,,TR,TUR,TURKEY
505201,MAESTRO,DEBIT,STANDARD,,,,TR,TUR,TURKEY
505263,MAESTRO,DEBIT,STANDARD,,,,TR,TUR,TURKEY
505785,MAESTRO,DEBIT,STANDARD,,,,TR,TUR,TURKEY
508129,MAESTRO,DEBIT,,"DENIZBANK, A.S.",,http://www.denizbank.com,TR,TUR,TURKEY
510005,MASTERCARD,CREDIT,STANDARD,"HSBC BANK, A.S.",+902123764000,http://www.hsbc.com.tr,TR,TUR,TURKEY
510054,MASTERCARD,CREDIT,BUSINESS,"YAPI VE KREDI BANKASI, A.S.",,http://www.yapikredi.com.tr,TR,TUR,TURKEY
510056,MASTERCARD,CREDIT,STANDARD,"TURKIYE HALK BANKASI, A.S.",,http://www.halkbank.com.tr,TR,TUR,TURKEY
510063,MASTERCARD,CREDIT,GOLD,"DENIZBANK, A.S.",,http://www.denizbank.com,TR,TUR,TURKEY
510118,MASTERCARD,CREDIT,BUSINESS,"DENIZBANK, A.S.",,http://www.denizbank.com,TR,TUR,TURKEY
510119,MASTERCARD,CREDIT,BUSINESS,"DENIZBANK, A.S.",,http://www.denizbank.com,TR,TUR,TURKEY
510138,MASTERCARD,CREDIT,STANDARD,"TURK EKONOMI BANKASI, A.S.",,http://www.teb.com.tr,TR,TUR,TURKEY
510139,MASTERCARD,CREDIT,GOLD,"TURK EKONOMI BANKASI, A.S.",,http://www.teb.com.tr,TR,TUR,TURKEY
510151,MASTERCARD,CREDIT,STANDARD,"ING, A.S.",,,TR,TUR,TURKEY
510152,MASTERCARD,CREDIT,STANDARD,"TURKIYE IS BANKASI, A.S.",,http://www.isbank.com.tr,TR,TUR,TURKEY
510221,MASTERCARD,CREDIT,STANDARD,"TURK EKONOMI BANKASI, A.S.",,http://www.teb.com.tr,TR,TUR,TURKEY
510238,MASTERCARD,CREDIT,,TURKIYE VAKIFLAR BANKASI T.A.O.,+903124557851,http://www.vakifbank.com.tr,TR,TUR,TURKEY
510270,MASTERCARD,DEBIT,STANDARD,SEKERBANK T.A.S.,+902123197000,http://www.sekerbank.com.tr,TR,TUR,TURKEY
511109,MASTERCARD,DEBIT,WORLD ELITE,"TURKIYE HALK BANKASI, A.S.",,http://www.halkbank.com.tr,TR,TUR,TURKEY
511436,MASTERCARD,DEBIT,PREPAID,BIRLESIK ODEME HIZMETLERI VE ELEKTRONIK PARA AS,,,TR,TUR,TURKEY
511583,MASTERCARD,CREDIT,WORLD,ALBARAKA TURK KATILIM BANKASI A.S,,,TR,TUR,TURKEY
511660,MASTERCARD,CREDIT,BUSINESS,"KUVEYT TURK KATILIM BANKASI , A.S.",,,TR,TUR,TURKEY
511758,MASTERCARD,CREDIT,STANDARD,"TURKIYE FINANS KATILIM BANKASI , A.S.",,,TR,TUR,TURKEY
511783,MASTERCARD,CREDIT,STANDARD,"TURKIYE FINANS KATILIM BANKASI , A.S.",,,TR,TUR,TURKEY
511885,MASTERCARD,CREDIT,STANDARD,"T.C. ZIRAAT BANKASI, A.S.",,,TR,TUR,TURKEY
512017,MASTERCARD,CREDIT,GOLD,"DENIZBANK, A.S.",,http://www.denizbank.com,TR,TUR,TURKEY
512117,MASTERCARD,CREDIT,PLATINUM,"DENIZBANK, A.S.",,http://www.denizbank.com,TR,TUR,TURKEY
512180,MASTERCARD,DEBIT,STANDARD,ARAP TURK BANKASI AS,,,TR,TUR,TURKEY
512360,MASTERCARD,CREDIT,STANDARD,"TURKIYE FINANS KATILIM BANKASI, A.S.",,http://www.turkiyefinans.com.tr,TR,TUR,TURKEY
512440,MASTERCARD,DEBIT,STANDARD,"T.C. ZIRAAT BANKASI, A.S.",,,TR,TUR,TURKEY
512446,MASTERCARD,CREDIT,GOLD,"DENIZBANK, A.S.",,http://www.denizbank.com,TR,TUR,TURKEY
512595,MASTERCARD,CREDIT,STANDARD,"KUVEYT TURK KATILIM BANKASI , A.S.",,,TR,TUR,TURKEY
512618,MASTERCARD,CREDIT,PERSONAL,"ALTERNATIF BANK, A.S.",,,TR,TUR,TURKEY
512651,MASTERCARD,CREDIT,STANDARD,"HSBC BANK, A.S.",+902123764000,http://www.hsbc.com.tr,TR,TUR,TURKEY
512754,MASTERCARD,CREDIT,WORLD,AKBANK T.A.S.,+904442525,http://www.akbank.com,TR,TUR,TURKEY
512803,MASTERCARD,CREDIT,STANDARD,"TURK EKONOMI BANKASI, A.S.",,http://www.teb.com.tr,TR,TUR,TURKEY
513662,MASTERCARD,CREDIT,PLATINUM,"T.C. ZIRAAT BANKASI, A.S.",,,TR,TUR,TURKEY
514025,MASTERCARD,CREDIT,PLATINUM,"ICBC TURKEY BANK, A.S.",,,TR,TUR,TURKEY
514102,MASTERCARD,DEBIT,PREPAID,PAYPORTER ODEME HIZMETLERI VE ELEKTRONIK PARA AS,,,TR,TUR,TURKEY
514140,MASTERCARD,CREDIT,STANDARD,"ING BANK, A.S.",+908502220600,http://www.ingbank.com.tr,TR,TUR,TURKEY
514915,MASTERCARD,CREDIT,WORLD,"TURKIYE GARANTI BANKASI, A.S.",,http://www.garanti.com.tr,TR,TUR,TURKEY
514924,MASTERCARD,CREDIT,PLATINUM,"DENIZBANK, A.S.",,http://www.denizbank.com,TR,TUR,TURKEY
515289,MASTERCARD,DEBIT,STANDARD,"ANADOLUBANK, A.S.",,,TR,TUR,TURKEY
515456,MASTERCARD,DEBIT,PREPAID,"AKTIF YATIRIM BANKASI, A.S.",,,TR,TUR,TURKEY
515483,MASTERCARD,DEBIT,BUSINESS,QNB BANK A.S,,,TR,TUR,TURKEY
515755,MASTERCARD,DEBIT,PREPAID RELOADABLE,"ING, A.S.",,,TR,TUR,TURKEY
515865,MASTERCARD,CREDIT,MIXED PRODUCT,"DENIZBANK, A.S.",,http://www.denizbank.com,TR,TUR,TURKEY
515998,MASTERCARD,DEBIT,PREPAID RELOADABLE,TURKCELL ODEME VE ELEKTRONIK PARA HIZMETLERI AS,,,TR,TUR,TURKEY
516183,MASTERCARD,CREDIT,BUSINESS,ALBARAKA TURK KATILIM BANKASI,,,TR,TUR,TURKEY
516308,MASTERCARD,CREDIT,STANDARD,"ALTERNATIFBANK, A.S.",,http://www.abank.com.tr,TR,TUR,TURKEY
516357,MASTERCARD,DEBIT,PREPAID,"AKTIF YATIRIM BANKASI, A.S.",,,TR,TUR,TURKEY
516458,MASTERCARD,CREDIT,PLATINUM,"ALTERNATIFBANK, A.S.",,http://www.abank.com.tr,TR,TUR,TURKEY
516643,MASTERCARD,DEBIT,PREPAID,AKBANK T.A.S.,+904442525,http://www.akbank.com,TR,TUR,TURKEY
516733,MASTERCARD,CREDIT,MIXED PRODUCT,"FINANSBANK, A.S.",+908502220900,https://www.qnbfinansbank.com,TR,TUR,TURKEY
516740,MASTERCARD,DEBIT,STANDARD,"DENIZBANK, A.S.",,http://www.denizbank.com,TR,TUR,TURKEY
516741,MASTERCARD,DEBIT,STANDARD,"DENIZBANK, A.S.",,http://www.denizbank.com,TR,TUR,TURKEY
516789,MASTERCARD,DEBIT,BUSINESS,QNB BANK A.S,,,TR,TUR,TURKEY
516835,MASTERCARD,DEBIT,STANDARD,QNB BANK A.S,,,TR,TUR,TURKEY
516840,MASTERCARD,DEBIT,STANDARD,AKBANK T.A.S.,+904442525,http://www.akbank.com,TR,TUR,TURKEY
516841,MASTERCARD,DEBIT,PLATINUM,AKBANK T.A.S.,+904442525,http://www.akbank.com,TR,TUR,TURKEY
516843,MASTERCARD,DEBIT,STANDARD,QNB BANK A.S,,,TR,TUR,TURKEY
516846,MASTERCARD,DEBIT,STANDARD,SEKERBANK T.A.S.,+902123197000,http://www.sekerbank.com.tr,TR,TUR,TURKEY
516888,MASTERCARD,DEBIT,STANDARD,"YAPI VE KREDI BANKASI, A.S.",,http://www.yapikredi.com.tr,TR,TUR,TURKEY
516912,MASTERCARD,DEBIT,BUSINESS,"DENIZBANK, A.S.",+904440800,http://www.denizbank.com,TR,TUR,TURKEY
516914,MASTERCARD,DEBIT,STANDARD,"DENIZBANK, A.S.",,http://www.denizbank.com,TR,TUR,TURKEY
516932,MASTERCARD,DEBIT,BUSINESS,"T.C. ZIRAAT BANKASI, A.S.",,,TR,TUR,TURKEY
516943,MASTERCARD,DEBIT,STANDARD,"TURKIYE GARANTI BANKASI, A.S.",,http://www.garanti.com.tr,TR,TUR,TURKEY
516944,MASTERCARD,DEBIT,STANDARD,"ODEA BANK, A.S.",,,TR,TUR,TURKEY
516961,MASTERCARD,DEBIT,STANDARD,"TURKIYE GARANTI BANKASI, A.S.",,http://www.garanti.com.tr,TR,TUR,TURKEY
517040,MASTERCARD,DEBIT,STANDARD,"TURKIYE GARANTI BANKASI, A.S.",,http://www.garanti.com.tr,TR,TUR,TURKEY
517041,MASTERCARD,DEBIT,STANDARD,"TURKIYE GARANTI BANKASI, A.S.",,http://www.garanti.com.tr,TR,TUR,TURKEY
517042,MASTERCARD,DEBIT,PREPAID RELOADABLE,"TURKIYE GARANTI BANKASI, A.S.",,http://www.garanti.com.tr,TR,TUR,TURKEY
517047,MASTERCARD,DEBIT,PREPAID RELOADABLE,"DENIZBANK, A.S.",,http://www.denizbank.com,TR,TUR,TURKEY
517048,MASTERCARD,DEBIT,PREPAID RELOADABLE,"TURKIYE GARANTI BANKASI, A.S.",,http://www.garanti.com.tr,TR,TUR,TURKEY
517049,MASTERCARD,DEBIT,PREPAID RELOADABLE,"TURKIYE GARANTI BANKASI, A.S.",,http://www.garanti.com.tr,TR,TUR,TURKEY
517343,MASTERCARD,DEBIT,PREPAID,"AKTIF YATIRIM BANKASI, A.S.",,,TR,TUR,TURKEY
517601,MASTERCARD,CREDIT,PERSONAL,FIBABANKA,,,TR,TUR,TURKEY
517946,MASTERCARD,CREDIT,STANDARD,"ING, A.S.",,,TR,TUR,TURKEY
518358,MASTERCARD,CREDIT,WORLD BLACK,"TURKIYE FINANS KATILIM BANKASI , A.S.",,,TR,TUR,TURKEY
518599,MASTERCARD,CREDIT,GOLD,"TURKISH BANK, A.S.",,,TR,TUR,TURKEY
518896,MASTERCARD,CREDIT,STANDARD,"KUVEYT TURK KATILIM BANKASI , A.S.",,,TR,TUR,TURKEY
519015,MASTERCARD,DEBIT,STANDARD,"TURKIYE FINANS KATILIM BANKASI, A.S.",,http://www.turkiyefinans.com.tr,TR,TUR,TURKEY
519261,MASTERCARD,CREDIT,STANDARD,"ODEA BANK, A.S.",,,TR,TUR,TURKEY
519324,MASTERCARD,CREDIT,WORLD,QNB BANK A.S,,,TR,TUR,TURKEY
519399,MASTERCARD,CREDIT,STANDARD,"HSBC BANK, A.S.",+902123764000,http://www.hsbc.com.tr,TR,TUR,TURKEY
519653,MASTERCARD,DEBIT,PREPAID,SIPAY ELEKTRONIK PARA VE ODEME HIZMETLERI AS,,,TR,TUR,TURKEY
519753,MASTERCARD,CREDIT,BUSINESS,SEKERBANK T.A.S.,+902123197000,http://www.sekerbank.com.tr,TR,TUR,TURKEY
519780,MASTERCARD,CREDIT,BUSINESS,"TURK EKONOMI BANKASI, A.S.",,http://www.teb.com.tr,TR,TUR,TURKEY
520017,MASTERCARD,CREDIT,STANDARD,TURKIYE VAKIFLAR BANKASI T.A.O.,+903124557851,http://www.vakifbank.com.tr,TR,TUR,TURKEY
520019,MASTERCARD,CREDIT,STANDARD,"DENIZBANK, A.S.",,http://www.denizbank.com,TR,TUR,TURKEY
520068,MASTERCARD,DEBIT,PREPAID RELOADABLE,"TURKIYE GARANTI BANKASI, A.S.",,http://www.garanti.com.tr,TR,TUR,TURKEY
520097,MASTERCARD,CREDIT,STANDARD,"TURKIYE GARANTI BANKASI, A.S.",,http://www.garanti.com.tr,TR,TUR,TURKEY
520180,MASTERCARD,CREDIT,WORLD,"KUVEYT TURK KATILIM BANKASI , A.S.",,,TR,TUR,TURKEY
520303,MASTERCARD,CREDIT,STANDARD,"DENIZBANK, A.S.",,http://www.denizbank.com,TR,TUR,TURKEY
520527,MASTERCARD,CREDIT,BUSINESS,QNB BANK A.S,,,TR,TUR,TURKEY
520653,MASTERCARD,CREDIT,,"TURKIYE IS BANKASI, A.S.",+904440202,http://www.isbank.com.tr,TR,TUR,TURKEY
520745,MASTERCARD,DEBIT,STANDARD,"FIBABANKA, A.S.",,,TR,TUR,TURKEY
520909,MASTERCARD,CREDIT,STANDARD,"DENIZBANK, A.S.",,http://www.denizbank.com,TR,TUR,TURKEY
520922,MASTERCARD,DEBIT,WORLD ELITE,"T. GARANTI BANKASI, A.S.",,,TR,TUR,TURKEY
520932,MASTERCARD,CREDIT,STANDARD,AKBANK T.A.S.,+904442525,http://www.akbank.com,TR,TUR,TURKEY
520940,MASTERCARD,CREDIT,STANDARD,"TURKIYE GARANTI BANKASI, A.S.",,http://www.garanti.com.tr,TR,TUR,TURKEY
520947,MASTERCARD,DEBIT,BUSINESS,"FIBABANKA, A.S.",,,TR,TUR,TURKEY
520988,MASTERCARD,CREDIT,WORLD,"TURKIYE GARANTI BANKASI, A.S.",,http://www.garanti.com.tr,TR,TUR,TURKEY
521022,MASTERCARD,CREDIT,STANDARD,QNB BANK A.S,,,TR,TUR,TURKEY
521081,MASTERCARD,CREDIT,WORLD,"TURKIYE GARANTI BANKASI, A.S.",,http://www.garanti.com.tr,TR,TUR,TURKEY
521162,MASTERCARD,CREDIT,BUSINESS,"ODEA BANK, A.S.",,,TR,TUR,TURKEY
521378,MASTERCARD,CREDIT,PLATINUM,"TURKIYE HALK BANKASI, A.S.",,http://www.halkbank.com.tr,TR,TUR,TURKEY
521394,MASTERCARD,CREDIT,MIXED PRODUCT,SEKERBANK T.A.S.,+902123197000,http://www.sekerbank.com.tr,TR,TUR,TURKEY
521400,MASTERCARD,CREDIT,WORLD,"YAPI VE KREDI BANKASI, A.S.",,http://www.yapikredi.com.tr,TR,TUR,TURKEY
521584,MASTERCARD,DEBIT,PREPAID,"FINANSBANK, A.S.",+908502220900,https://www.qnbfinansbank.com,TR,TUR,TURKEY
521807,MASTERCARD,CREDIT,WORLD BLACK,AKBANK T.A.S.,+904442525,http://www.akbank.com,TR,TUR,TURKEY
521824,MASTERCARD,CREDIT,WORLD,"TURKIYE GARANTI BANKASI, A.S.",,http://www.garanti.com.tr,TR,TUR,TURKEY
521825,MASTERCARD,CREDIT,WORLD,"TURKIYE GARANTI BANKASI, A.S.",,http://www.garanti.com.tr,TR,TUR,TURKEY
521836,MASTERCARD,CREDIT,WORLD,QNB BANK A.S,,,TR,TUR,TURKEY
521848,MASTERCARD,CREDIT,PLATINUM,"TURKIYE FINANS KATILIM BANKASI , A.S.",,,TR,TUR,TURKEY
521875,MASTERCARD,CREDIT,PLATINUM,"ICBC TURKEY BANK, A.S.",,,TR,TUR,TURKEY
521942,MASTERCARD,DEBIT,PREPAID,AKBANK T.A.S.,+904442525,http://www.akbank.com,TR,TUR,TURKEY
522021,MASTERCARD,CREDIT,WORLD BLACK,"FIBABANKA, A.S.",,,TR,TUR,TURKEY
522075,MASTERCARD,CREDIT,STANDARD,"FIBABANKA, A.S.",,,TR,TUR,TURKEY
522204,MASTERCARD,CREDIT,GOLD,"TURKIYE GARANTI BANKASI, A.S.",,http://www.garanti.com.tr,TR,TUR,TURKEY
522221,MASTERCARD,CREDIT,STANDARD,"ALTERNATIFBANK, A.S.",,http://www.abank.com.tr,TR,TUR,TURKEY
522240,MASTERCARD,CREDIT,STANDARD,"ANADOLUBANK, A.S.",,,TR,TUR,TURKEY
522241,MASTERCARD,CREDIT,GOLD,"ANADOLUBANK, A.S.",,,TR,TUR,TURKEY
522347,MASTERCARD,CREDIT,PLATINUM,"ODEA BANK, A.S.",,,TR,TUR,TURKEY
522356,MASTERCARD,CREDIT,GOLD,"ODEA BANK, A.S.",,,TR,TUR,TURKEY
522362,MASTERCARD,CREDIT,STANDARD,"ODEA BANK, A.S.",,,TR,TUR,TURKEY
522441,MASTERCARD,CREDIT,BUSINESS,TURKIYE VAKIFLAR BANKASI T.A.O.,+903124557851,http://www.vakifbank.com.tr,TR,TUR,TURKEY
522503,MASTERCARD,DEBIT,PREPAID,DGPARA ODEME KURULUSU AS,,,TR,TUR,TURKEY
522517,MASTERCARD,CREDIT,PLATINUM,"DENIZBANK, A.S.",+904440800,http://www.denizbank.com,TR,TUR,TURKEY
522566,MASTERCARD,CREDIT,PLATINUM,"FIBABANKA, A.S.",,,TR,TUR,TURKEY
522576,MASTERCARD,CREDIT,STANDARD,"FIBABANKA, A.S.",,,TR,TUR,TURKEY
522989,MASTERCARD,DEBIT,PREPAID,BIRLESIK ODEME HIZMETLERI VE ELEKTRONIK PARA AS,,,TR,TUR,TURKEY
523034,MASTERCARD,CREDIT,BUSINESS,"YAPI VE KREDI BANKASI, A.S.",,http://www.yapikredi.com.tr,TR,TUR,TURKEY
523243,MASTERCARD,DEBIT,PREPAID BUSINESS,OZANPAY,,,TR,TUR,TURKEY
523453,MASTERCARD,CREDIT,STANDARD,"BANKPOZITIF KREDI VE KALKINMA BANKASI, A.S.",,,TR,TUR,TURKEY
523515,MASTERCARD,CREDIT,PLATINUM,"DENIZBANK, A.S.",,http://www.denizbank.com,TR,TUR,TURKEY
523529,MASTERCARD,CREDIT,STANDARD,"T.C. ZIRAAT BANKASI, A.S.",,,TR,TUR,TURKEY
524346,MASTERCARD,CREDIT,PLATINUM,"TURK EKONOMI BANKASI, A.S.",,http://www.teb.com.tr,TR,TUR,TURKEY
524347,MASTERCARD,CREDIT,WORLD,AKBANK T.A.S.,+904442525,http://www.akbank.com,TR,TUR,TURKEY
524433,MASTERCARD,DEBIT,STANDARD,"TURKIYE GARANTI BANKASI, A.S.",,http://www.garanti.com.tr,TR,TUR,TURKEY
524659,MASTERCARD,CREDIT,STANDARD,"TURKIYE GARANTI BANKASI, A.S.",,http://www.garanti.com.tr,TR,TUR,TURKEY
524677,MASTERCARD,CREDIT,STANDARD,"ODEA BANK, A.S.",,,TR,TUR,TURKEY
524839,MASTERCARD,CREDIT,STANDARD,"TURK EKONOMI BANKASI, A.S.",,http://www.teb.com.tr,TR,TUR,TURKEY
524840,MASTERCARD,CREDIT,STANDARD,"TURK EKONOMI BANKASI, A.S.",,http://www.teb.com.tr,TR,TUR,TURKEY
524907,MASTERCARD,DEBIT,PREPAID,BIRLESIK ODEME HIZMETLERI VE ELEKTRONIK PARA AS,,,TR,TUR,TURKEY
525312,MASTERCARD,CREDIT,MIXED PRODUCT,"KUVEYT TURK KATILIM BANKASI , A.S.",,,TR,TUR,TURKEY
525314,MASTERCARD,CREDIT,MIXED PRODUCT,"TURK EKONOMI BANKASI, A.S.",,http://www.teb.com.tr,TR,TUR,TURKEY
525329,MASTERCARD,CREDIT,WORLD BLACK,"T.C. ZIRAAT BANKASI, A.S.",,,TR,TUR,TURKEY
525339,MASTERCARD,CREDIT,PLATINUM,"T.C. ZIRAAT BANKASI, A.S.",,,TR,TUR,TURKEY
525382,MASTERCARD,CREDIT,STANDARD,"TURKIYE IS BANKASI, A.S.",,http://www.isbank.com.tr,TR,TUR,TURKEY
525404,MASTERCARD,CREDIT,STANDARD,SEKERBANK T.A.S.,+902123197000,http://www.sekerbank.com.tr,TR,TUR,TURKEY
525413,MASTERCARD,CREDIT,WORLD,"HSBC BANK, A.S.",+902123764000,http://www.hsbc.com.tr,TR,TUR,TURKEY
525492,MASTERCARD,DEBIT,PREPAID,"FIBABANKA, A.S.",,,TR,TUR,TURKEY
525604,MASTERCARD,CREDIT,BUSINESS,"FIBABANKA, A.S.",,,TR,TUR,TURKEY
525795,MASTERCARD,CREDIT,GOLD,"HSBC BANK, A.S.",+902123764000,http://www.hsbc.com.tr,TR,TUR,TURKEY
525864,MASTERCARD,CREDIT,WORLD,"YAPI VE KREDI BANKASI, A.S.",,http://www.yapikredi.com.tr,TR,TUR,TURKEY
526289,MASTERCARD,DEBIT,PREPAID RELOADABLE,"TURKIYE HALK BANKASI, A.S.",,http://www.halkbank.com.tr,TR,TUR,TURKEY
526290,MASTERCARD,DEBIT,STANDARD,"TURKIYE HALK BANKASI, A.S.",,http://www.halkbank.com.tr,TR,TUR,TURKEY
526911,MASTERCARD,CREDIT,PLATINUM,QNB BANK A.S,,,TR,TUR,TURKEY
526952,MASTERCARD,CREDIT,GOLD,"ODEA BANK, A.S.",,,TR,TUR,TURKEY
526955,MASTERCARD,CREDIT,STANDARD,"TURKIYE GARANTI BANKASI, A.S.",,http://www.garanti.com.tr,TR,TUR,TURKEY
526963,MASTERCARD,DEBIT,BUSINESS,"FIBABANKA, A.S.",,,TR,TUR,TURKEY
526973,MASTERCARD,CREDIT,WORLD,"ING, A.S.",,,TR,TUR,TURKEY
526975,MASTERCARD,CREDIT,WORLD,"ING, A.S.",,,TR,TUR,TURKEY
526995,MASTERCARD,CREDIT,STANDARD,"DENIZBANK, A.S.",+904440800,http://www.denizbank.com,TR,TUR,TURKEY
527022,MASTERCARD,CREDIT,BUSINESS,"FIBABANKA, A.S.",,,TR,TUR,TURKEY
527080,MASTERCARD,CREDIT,STANDARD,"ICBC TURKEY BANK, A.S.",,,TR,TUR,TURKEY
527083,MASTERCARD,CREDIT,WORLD,"KUVEYT TURK KATILIM BANKASI , A.S.",,,TR,TUR,TURKEY
527110,MASTERCARD,DEBIT,PREPAID,OZANPAY,,,TR,TUR,TURKEY
527111,MASTERCARD,DEBIT,STANDARD,"TURKIYE FINANS KATILIM BANKASI , A.S.",,,TR,TUR,TURKEY
527149,MASTERCARD,DEBIT,PREPAID,BIRLESIK ODEME HIZMETLERI VE ELEKTRONIK PARA AS,,,TR,TUR,TURKEY
527192,MASTERCARD,DEBIT,PREPAID,BIRLESIK ODEME HIZMETLERI VE ELEKTRONIK PARA AS,,,TR,TUR,TURKEY
527284,MASTERCARD,CREDIT,BUSINESS,"TURKIYE HALK BANKASI, A.S.",,http://www.halkbank.com.tr,TR,TUR,TURKEY
527325,MASTERCARD,DEBIT,STANDARD,"FIBABANKA, A.S.",,,TR,TUR,TURKEY
527327,MASTERCARD,CREDIT,STANDARD,"KUVEYT TURK KATILIM BANKASI , A.S.",,,TR,TUR,TURKEY
527369,MASTERCARD,CREDIT,PLATINUM,"ODEA BANK, A.S.",,,TR,TUR,TURKEY
527383,MASTERCARD,CREDIT,WORLD,"ODEA BANK, A.S.",,,TR,TUR,TURKEY
527396,MASTERCARD,CREDIT,PLATINUM,"ODEA BANK, A.S.",,,TR,TUR,TURKEY
527573,MASTERCARD,DEBIT,PREPAID,"BURGAN BANK, A.S.",,,TR,TUR,TURKEY
527590,MASTERCARD,DEBIT,PREPAID,TURKIYE VAKIFLAR BANKASI T.A.O.,+903124557851,http://www.vakifbank.com.tr,TR,TUR,TURKEY
527682,MASTERCARD,DEBIT,STANDARD,"T.C. ZIRAAT BANKASI, A.S.",,,TR,TUR,TURKEY
527737,MASTERCARD,CREDIT,PREFERRED BUSINESS,"T.C. ZIRAAT BANKASI, A.S.",,,TR,TUR,TURKEY
527749,MASTERCARD,CREDIT,STANDARD,"T.C. ZIRAAT BANKASI, A.S.",,,TR,TUR,TURKEY
527765,MASTERCARD,CREDIT,GOLD,"FIBABANKA, A.S.",,,TR,TUR,TURKEY
527823,MASTERCARD,DEBIT,PREPAID,BIRLESIK ODEME HIZMETLERI VE ELEKTRONIK PARA AS,,,TR,TUR,TURKEY
528064,MASTERCARD,CREDIT,STANDARD,"ODEA BANK, A.S.",,,TR,TUR,TURKEY
528133,MASTERCARD,DEBIT,STANDARD,"KUVEYT TURK KATILIM BANKASI , A.S.",,,TR,TUR,TURKEY
528208,MASTERCARD,DEBIT,STANDARD,"T.C. ZIRAAT BANKASI, A.S.",,,TR,TUR,TURKEY
528246,MASTERCARD,DEBIT,PREPAID,"AKTIF YATIRIM BANKASI, A.S.",,,TR,TUR,TURKEY
528293,MASTERCARD,CREDIT,STANDARD,"TURKIYE FINANS KATILIM BANKASI , A.S.",,,TR,TUR,TURKEY
528653,MASTERCARD,CREDIT,WORLD,"TURKIYE GARANTI BANKASI, A.S.",,http://www.garanti.com.tr,TR,TUR,TURKEY
528920,MASTERCARD,CREDIT,WORLD,"TURK EKONOMI BANKASI, A.S.",,http://www.teb.com.tr,TR,TUR,TURKEY
528926,MASTERCARD,CREDIT,STANDARD,"TURK EKONOMI BANKASI, A.S.",,http://www.teb.com.tr,TR,TUR,TURKEY
528939,MASTERCARD,CREDIT,WORLD,"TURKIYE GARANTI BANKASI, A.S.",,http://www.garanti.com.tr,TR,TUR,TURKEY
528956,MASTERCARD,CREDIT,PLATINUM,"TURKIYE GARANTI BANKASI, A.S.",,http://www.garanti.com.tr,TR,TUR,TURKEY
529042,MASTERCARD,CREDIT,STANDARD,"TURKIYE HALK BANKASI, A.S.",,http://www.halkbank.com.tr,TR,TUR,TURKEY
529462,MASTERCARD,CREDIT,STANDARD,"ASYA KATILIM BANKASI, A.S.",+902166335000,http://www.bankasya.com.tr,TR,TUR,TURKEY
529534,MASTERCARD,CREDIT,STANDARD,"FIBABANKA, A.S.",,,TR,TUR,TURKEY
529545,MASTERCARD,DEBIT,STANDARD,"DENIZBANK, A.S.",,http://www.denizbank.com,TR,TUR,TURKEY
529572,MASTERCARD,CREDIT,WORLD,QNB BANK A.S,,,TR,TUR,TURKEY
529585,MASTERCARD,DEBIT,PREPAID,SIPAY ELEKTRONIK PARA VE ODEME HIZMETLERI AS,,,TR,TUR,TURKEY
529799,MASTERCARD,DEBIT,PREPAID BUSINESS,PAPARA ELEKTRONIK PARA VE ODEME HIZMETLERI AS,,,TR,TUR,TURKEY
529876,MASTERCARD,CREDIT,GOLD,"DENIZBANK, A.S.",,http://www.denizbank.com,TR,TUR,TURKEY
529939,MASTERCARD,CREDIT,STANDARD,"TURKISH BANK, A.S.",,,TR,TUR,TURKEY
530200,MASTERCARD,DEBIT,PREPAID,TOM PAY ELEKTRONIK PARA VE ODEME HIZMETLERI AS,,,TR,TUR,TURKEY
530341,MASTERCARD,DEBIT,PREPAID,BELBIM ELEKTRONIK PARA VE ODEME HIZMETLERI AS,,,TR,TUR,TURKEY
530429,MASTERCARD,DEBIT,PREPAID,TURKCELL ODEME VE ELEKTRONIK PARA HIZMETLERI AS,,,TR,TUR,TURKEY
530699,MASTERCARD,CREDIT,BUSINESS,"T.C. ZIRAAT BANKASI, A.S.",,,TR,TUR,TURKEY
530818,MASTERCARD,CREDIT,MIXED PRODUCT,QNB BANK A.S,,,TR,TUR,TURKEY
530853,MASTERCARD,CREDIT,STANDARD,"TURK EKONOMI BANKASI, A.S.",,http://www.teb.com.tr,TR,TUR,TURKEY
530866,MASTERCARD,CREDIT,MIXED PRODUCT,SEKERBANK T.A.S.,+902123197000,http://www.sekerbank.com.tr,TR,TUR,TURKEY
530905,MASTERCARD,CREDIT,PLATINUM,"T.C. ZIRAAT BANKASI, A.S.",,,TR,TUR,TURKEY
530974,MASTERCARD,DEBIT,STANDARD,ARAP TURK BANKASI AS,,,TR,TUR,TURKEY
531102,MASTERCARD,DEBIT,PREPAID,"T.C. ZIRAAT BANKASI, A.S.",,,TR,TUR,TURKEY
531133,MASTERCARD,DEBIT,STANDARD,VAKIF KATILIM BANKASI,,,TR,TUR,TURKEY
531157,MASTERCARD,CREDIT,STANDARD,QNB BANK A.S,,,TR,TUR,TURKEY
531237,MASTERCARD,DEBIT,PREPAID,PAPARA ELEKTRONIK PARA VE ODEME HIZMETLERI AS,,,TR,TUR,TURKEY
531325,MASTERCARD,DEBIT,PREPAID RELOADABLE,TURK ELEKTRONIK PARA A S,,,TR,TUR,TURKEY
531334,MASTERCARD,CREDIT,STANDARD/PLATINUM/WORLD,"ASYA KATILIM BANKASI, A.S.",+902166335000,http://www.bankasya.com.tr,TR,TUR,TURKEY
531369,MASTERCARD,CREDIT,WORLD,TURKIYE VAKIFLAR BANKASI T.A.O.,+903124557851,http://www.vakifbank.com.tr,TR,TUR,TURKEY
531389,MASTERCARD,DEBIT,PREPAID RELOADABLE,PAPARA ELEKTRONIK PARA VE ODEME HIZMETLERI AS,,,TR,TUR,TURKEY
531401,MASTERCARD,CREDIT,WORLD,"ING, A.S.",,,TR,TUR,TURKEY
531457,MASTERCARD,DEBIT,STANDARD,TURKIYE VAKIFLAR BANKASI T.A.O.,+903124557851,http://www.vakifbank.com.tr,TR,TUR,TURKEY
531531,MASTERCARD,CREDIT,WORLD,"TURK EKONOMI BANKASI, A.S.",,http://www.teb.com.tr,TR,TUR,TURKEY
531790,MASTERCARD,DEBIT,PREPAID,BPN ODEME VE ELEKTRONIK PARA HIZMETLERI ANONIM SIRKETI,,,TR,TUR,TURKEY
531882,MASTERCARD,DEBIT,PREPAID,MONEYPAY ODEME VE ELEKTRONIK PARA HIZMETLERI ANONIM SIRKETI,,,TR,TUR,TURKEY
531883,MASTERCARD,CREDIT,BUSINESS,VAKIF KATILIM BANKASI,,,TR,TUR,TURKEY
531956,MASTERCARD,DEBIT,PREPAID,QNB BANK A.S,,,TR,TUR,TURKEY
532322,MASTERCARD,CREDIT,STANDARD,VAKIF KATILIM BANKASI,,,TR,TUR,TURKEY
532394,MASTERCARD,CREDIT,STANDARD,QNB BANK A.S,,,TR,TUR,TURKEY
532443,MASTERCARD,CREDIT,STANDARD,"ING, A.S.",,,TR,TUR,TURKEY
532572,MASTERCARD,DEBIT,PREPAID,SIPAY ELEKTRONIK PARA VE ODEME HIZMETLERI AS,,,TR,TUR,TURKEY
532581,MASTERCARD,DEBIT,PREPAID RELOADABLE,"TURK EKONOMI BANKASI, A.S.",444 0 666 TEB,http://www.teb.com.tr,TR,TUR,TURKEY
532604,MASTERCARD,DEBIT,STANDARD,"HSBC BANK, A.S.",+902123764000,http://www.hsbc.com.tr,TR,TUR,TURKEY
532607,MASTERCARD,CREDIT,STANDARD,"QNB FINANSBANK, A.S.",,,TR,TUR,TURKEY
532639,MASTERCARD,DEBIT,STANDARD,ALBARAKA TURK KATILIM BANKASI A.S,,,TR,TUR,TURKEY
532813,MASTERCARD,DEBIT,PREPAID,"AKTIF YATIRIM BANKASI, A.S.",,,TR,TUR,TURKEY
533154,MASTERCARD,DEBIT,STANDARD,"T.C. ZIRAAT BANKASI, A.S.",,,TR,TUR,TURKEY
533169,MASTERCARD,CREDIT,PREFERRED BUSINESS,"TURKIYE GARANTI BANKASI, A.S.",,http://www.garanti.com.tr,TR,TUR,TURKEY
533184,MASTERCARD,DEBIT,PREPAID,"T.C. ZIRAAT BANKASI, A.S.",,,TR,TUR,TURKEY
533207,MASTERCARD,DEBIT,PREPAID,POSTAL AND TELEGRAPH CORPORATION,,,TR,TUR,TURKEY
533253,MASTERCARD,DEBIT,BUSINESS,"YAPI VE KREDI BANKASI, A.S.",,http://www.yapikredi.com.tr,TR,TUR,TURKEY
533293,MASTERCARD,DEBIT,PREPAID,"DENIZBANK, A.S.",,http://www.denizbank.com,TR,TUR,TURKEY
533330,MASTERCARD,CREDIT,WORLD BLACK,"DENIZBANK, A.S.",,http://www.denizbank.com,TR,TUR,TURKEY
533612,MASTERCARD,DEBIT,BUSINESS,"T.C. ZIRAAT BANKASI, A.S.",,,TR,TUR,TURKEY
533751,MASTERCARD,CREDIT,STANDARD,"TURK EKONOMI BANKASI, A.S.",,http://www.teb.com.tr,TR,TUR,TURKEY
533764,MASTERCARD,CREDIT,WORLD BLACK,"T.C. ZIRAAT BANKASI, A.S.",,,TR,TUR,TURKEY
533796,MASTERCARD,CREDIT,GOLD,ALBARAKA TURK KATILIM BANKASI A.S,,,TR,TUR,TURKEY
533803,MASTERCARD,DEBIT,PREPAID,"TURKIYE IS BANKASI, A.S.",,http://www.isbank.com.tr,TR,TUR,TURKEY
533913,MASTERCARD,CREDIT,STANDARD,"YAPI VE KREDI BANKASI, A.S.",,http://www.yapikredi.com.tr,TR,TUR,TURKEY
533973,MASTERCARD,CREDIT,STANDARD,ALBARAKA TURK KATILIM BANKASI A.S,,,TR,TUR,TURKEY
534060,MASTERCARD,DEBIT,PREPAID RELOADABLE,"TT ODEME VE ELEKTRONIK PARA HIZMETLERI, A.S.",,,TR,TUR,TURKEY
534253,MASTERCARD,CREDIT,STANDARD,AKBANK T.A.S.,+904442525,http://www.akbank.com,TR,TUR,TURKEY
534261,MASTERCARD,CREDIT,STANDARD,"TURKIYE GARANTI BANKASI, A.S.",,http://www.garanti.com.tr,TR,TUR,TURKEY
534264,MASTERCARD,CREDIT,STANDARD,ALBARAKA TURK KATILIM BANKASI A.S,,,TR,TUR,TURKEY
534361,MASTERCARD,DEBIT,BUSINESS,QNB BANK A.S,,,TR,TUR,TURKEY
534538,MASTERCARD,CREDIT,STANDARD,"TURK EKONOMI BANKASI, A.S.",,http://www.teb.com.tr,TR,TUR,TURKEY
534563,MASTERCARD,CREDIT,STANDARD,"AKTIF YATIRIM BANKASI, A.S.",,,TR,TUR,TURKEY
534565,MASTERCARD,DEBIT,PREPAID,"AKTIF YATIRIM BANKASI, A.S.",,,TR,TUR,TURKEY
534567,MASTERCARD,DEBIT,PREPAID,"AKTIF YATIRIM BANKASI, A.S.",,,TR,TUR,TURKEY
534653,MASTERCARD,DEBIT,PREPAID,"TURKIYE IS BANKASI, A.S.",,http://www.isbank.com.tr,TR,TUR,TURKEY
534981,MASTERCARD,CREDIT,GOLD,"T.C. ZIRAAT BANKASI, A.S.",,,TR,TUR,TURKEY
535137,MASTERCARD,DEBIT,BUSINESS,"ING, A.S.",,,TR,TUR,TURKEY
535177,MASTERCARD,DEBIT,STANDARD,QNB BANK A.S,,,TR,TUR,TURKEY
535217,MASTERCARD,DEBIT,STANDARD,"TURK EKONOMI BANKASI, A.S.",,http://www.teb.com.tr,TR,TUR,TURKEY
535241,MASTERCARD,DEBIT,PLATINUM,"TURKIYE HALK BANKASI, A.S.",,http://www.halkbank.com.tr,TR,TUR,TURKEY
535248,MASTERCARD,DEBIT,STANDARD,"T.C. ZIRAAT BANKASI, A.S.",,,TR,TUR,TURKEY
535270,MASTERCARD,DEBIT,PLATINUM,"ING, A.S.",,,TR,TUR,TURKEY
535279,MASTERCARD,DEBIT,STANDARD,"TURKIYE IS BANKASI, A.S.",,http://www.isbank.com.tr,TR,TUR,TURKEY
535280,MASTERCARD,DEBIT,BUSINESS,AKBANK T.A.S.,+904442525,http://www.akbank.com,TR,TUR,TURKEY
535355,MASTERCARD,CREDIT,STANDARD,VAKIF KATILIM BANKASI,,,TR,TUR,TURKEY
535429,MASTERCARD,DEBIT,STANDARD,"TURKIYE GARANTI BANKASI, A.S.",,http://www.garanti.com.tr,TR,TUR,TURKEY
535434,MASTERCARD,DEBIT,PREPAID RELOADABLE,TURKCELL ODEME VE ELEKTRONIK PARA HIZMETLERI AS,,,TR,TUR,TURKEY
535435,MASTERCARD,DEBIT,PLATINUM,"YAPI VE KREDI BANKASI, A.S.",,http://www.yapikredi.com.tr,TR,TUR,TURKEY
535449,MASTERCARD,DEBIT,STANDARD,AKBANK T.A.S.,+904442525,http://www.akbank.com,TR,TUR,TURKEY
535488,MASTERCARD,DEBIT,BUSINESS,"TURKIYE GARANTI BANKASI, A.S.",,http://www.garanti.com.tr,TR,TUR,TURKEY
535493,MASTERCARD,DEBIT,STANDARD,"TURKIYE GARANTI BANKASI, A.S.",,http://www.garanti.com.tr,TR,TUR,TURKEY
535514,MASTERCARD,DEBIT,STANDARD,"TURKIYE IS BANKASI, A.S.",,http://www.isbank.com.tr,TR,TUR,TURKEY
535576,MASTERCARD,DEBIT,STANDARD,TURKIYE VAKIFLAR BANKASI T.A.O.,+903124557851,http://www.vakifbank.com.tr,TR,TUR,TURKEY
535601,MASTERCARD,DEBIT,STANDARD,"YAPI VE KREDI BANKASI, A.S.",,http://www.yapikredi.com.tr,TR,TUR,TURKEY
535602,MASTERCARD,DEBIT,BUSINESS,"YAPI VE KREDI BANKASI, A.S.",,http://www.yapikredi.com.tr,TR,TUR,TURKEY
535616,MASTERCARD,DEBIT,PREPAID RELOADABLE,TURK ELEKTRONIK PARA A S,,,TR,TUR,TURKEY
535735,MASTERCARD,DEBIT,WORLD BUSINESS,"T.C. ZIRAAT BANKASI, A.S.",,,TR,TUR,TURKEY
535748,MASTERCARD,DEBIT,WORLD ELITE,"KUVEYT TURK KATILIM BANKASI , A.S.",,,TR,TUR,TURKEY
535775,MASTERCARD,DEBIT,STANDARD,TURKIYE VAKIFLAR BANKASI T.A.O.,+903124557851,http://www.vakifbank.com.tr,TR,TUR,TURKEY
535805,MASTERCARD,DEBIT,PREPAID RELOADABLE,IYZI ODEME VE ELEKTRONIK PARA HIZMETLERI AS,,,TR,TUR,TURKEY
535806,MASTERCARD,DEBIT,STANDARD,"BURGAN BANK, A.S.",,,TR,TUR,TURKEY
535843,MASTERCARD,CREDIT,WORLD BLACK,"AKTIF YATIRIM BANKASI, A.S.",,,TR,TUR,TURKEY
535881,MASTERCARD,CREDIT,STANDARD,"ANADOLUBANK, A.S.",,,TR,TUR,TURKEY
535925,MASTERCARD,DEBIT,PREPAID,PAPARA ELEKTRONIK PARA VE ODEME HIZMETLERI AS,,,TR,TUR,TURKEY
536034,MASTERCARD,DEBIT,PREPAID,ERPA ODEME HIZMETLERI VE ELEKTRONIK PARA ANONIM SIRKETI,,,TR,TUR,TURKEY
536180,MASTERCARD,CREDIT,GOLD,ALBARAKA TURK KATILIM BANKASI A.S,,,TR,TUR,TURKEY
536202,MASTERCARD,CREDIT,STANDARD,"FIBABANKA, A.S.",,,TR,TUR,TURKEY
536255,MASTERCARD,CREDIT,BUSINESS,"ODEA BANK, A.S.",,,TR,TUR,TURKEY
536479,MASTERCARD,DEBIT,WORLD BLACK,"T.C. ZIRAAT BANKASI, A.S.",,,TR,TUR,TURKEY
536480,MASTERCARD,DEBIT,STANDARD,"QNB FINANSBANK, A.S.",,,TR,TUR,TURKEY
536503,MASTERCARD,CREDIT,STANDARD,"TURKIYE HALK BANKASI, A.S.",,http://www.halkbank.com.tr,TR,TUR,TURKEY
536696,MASTERCARD,DEBIT,STANDARD,POSTAL AND TELEGRAPH CORPORATION,,,TR,TUR,TURKEY
536836,MASTERCARD,CREDIT,STANDARD,"TURKIYE GARANTI BANKASI, A.S.",,http://www.garanti.com.tr,TR,TUR,TURKEY
536837,MASTERCARD,CREDIT,STANDARD,"TURKIYE GARANTI BANKASI, A.S.",,http://www.garanti.com.tr,TR,TUR,TURKEY
536977,MASTERCARD,CREDIT,STANDARD,TURKIYE VAKIFLAR BANKASI T.A.O.,+903124557851,http://www.vakifbank.com.tr,TR,TUR,TURKEY
537058,MASTERCARD,CREDIT,WORLD BLACK,QNB BANK A.S,,,TR,TUR,TURKEY
537224,MASTERCARD,DEBIT,PREPAID,"TURKIYE GARANTI BANKASI, A.S.",,http://www.garanti.com.tr,TR,TUR,TURKEY
537226,MASTERCARD,DEBIT,PREPAID RELOADABLE,"TURKIYE GARANTI BANKASI, A.S.",,http://www.garanti.com.tr,TR,TUR,TURKEY
537227,MASTERCARD,DEBIT,PREPAID RELOADABLE,"TURKIYE GARANTI BANKASI, A.S.",,http://www.garanti.com.tr,TR,TUR,TURKEY
537470,MASTERCARD,DEBIT,STANDARD,"T.C. ZIRAAT BANKASI, A.S.",,,TR,TUR,TURKEY
537475,MASTERCARD,DEBIT,STANDARD,"TURKIYE IS BANKASI, A.S.",,http://www.isbank.com.tr,TR,TUR,TURKEY
537500,MASTERCARD,DEBIT,BUSINESS,"TURKIYE HALK BANKASI, A.S.",,http://www.halkbank.com.tr,TR,TUR,TURKEY
537504,MASTERCARD,DEBIT,BUSINESS,TURKIYE VAKIFLAR BANKASI T.A.O.,+903124557851,http://www.vakifbank.com.tr,TR,TUR,TURKEY
537518,MASTERCARD,DEBIT,STANDARD,"YAPI VE KREDI BANKASI, A.S.",,http://www.yapikredi.com.tr,TR,TUR,TURKEY
537537,MASTERCARD,DEBIT,STANDARD,"TURK EKONOMI BANKASI, A.S.",,http://www.teb.com.tr,TR,TUR,TURKEY
537546,MASTERCARD,DEBIT,STANDARD,"T.C. ZIRAAT BANKASI, A.S.",,,TR,TUR,TURKEY
537548,MASTERCARD,DEBIT,BUSINESS,"TURKIYE IS BANKASI, A.S.",,http://www.isbank.com.tr,TR,TUR,TURKEY
537567,MASTERCARD,DEBIT,PREPAID RELOADABLE,"TURKIYE IS BANKASI, A.S.",,http://www.isbank.com.tr,TR,TUR,TURKEY
537608,MASTERCARD,DEBIT,STANDARD,POSTAL AND TELEGRAPH CORPORATION,,,TR,TUR,TURKEY
537719,MASTERCARD,CREDIT,GOLD,"TURKIYE FINANS KATILIM BANKASI , A.S.",,,TR,TUR,TURKEY
537829,MASTERCARD,CREDIT,WORLD,"TURKIYE GARANTI BANKASI, A.S.",,http://www.garanti.com.tr,TR,TUR,TURKEY
537833,MASTERCARD,DEBIT,PREPAID,"YAPI VE KREDI BANKASI, A.S.",,http://www.yapikredi.com.tr,TR,TUR,TURKEY
537889,MASTERCARD,DEBIT,STANDARD,"FIBABANKA, A.S.",,,TR,TUR,TURKEY
538121,MASTERCARD,CREDIT,WORLD,"TURKIYE GARANTI BANKASI, A.S.",,http://www.garanti.com.tr,TR,TUR,TURKEY
538124,MASTERCARD,CREDIT,PREFERRED BUSINESS,"TURKIYE GARANTI BANKASI, A.S.",,http://www.garanti.com.tr,TR,TUR,TURKEY
538139,MASTERCARD,CREDIT,PREFERRED BUSINESS,"TURKIYE GARANTI BANKASI, A.S.",,http://www.garanti.com.tr,TR,TUR,TURKEY
538196,MASTERCARD,CREDIT,WORLD,"TURKIYE GARANTI BANKASI, A.S.",,http://www.garanti.com.tr,TR,TUR,TURKEY
538399,MASTERCARD,DEBIT,PREPAID,TOM PAY ELEKTRONIK PARA VE ODEME HIZMETLERI AS,,,TR,TUR,TURKEY
538478,MASTERCARD,CREDIT,STANDARD,,,,TR,TUR,TURKEY
538713,MASTERCARD,DEBIT,STANDARD,QNB BANK A.S,,,TR,TUR,TURKEY
538841,MASTERCARD,DEBIT,PREPAID,TURK ELEKTRONIK PARA A S,,,TR,TUR,TURKEY
539098,MASTERCARD,DEBIT,PREPAID,"AKTIF YATIRIM BANKASI, A.S.",,,TR,TUR,TURKEY
539134,MASTERCARD,CREDIT,PERSONAL,"ZIRAAT KATILIM BANKASI, A.S.",,,TR,TUR,TURKEY
539374,MASTERCARD,DEBIT,PREPAID RELOADABLE,PAPARA ELEKTRONIK PARA VE ODEME HIZMETLERI AS,,,TR,TUR,TURKEY
539375,MASTERCARD,DEBIT,PREPAID,OZANPAY,,,TR,TUR,TURKEY
539387,MASTERCARD,CREDIT,STANDARD,TURK ELEKTRONIK PARA A S,,,TR,TUR,TURKEY
539424,MASTERCARD,CREDIT,STANDARD,"FIBABANKA, A.S.",,,TR,TUR,TURKEY
539432,MASTERCARD,DEBIT,STANDARD,"FIBABANKA, A.S.",,,TR,TUR,TURKEY
539605,MASTERCARD,CREDIT,STANDARD,"DENIZBANK, A.S.",,http://www.denizbank.com,TR,TUR,TURKEY
539664,MASTERCARD,DEBIT,PREPAID,PAPARA ELEKTRONIK PARA VE ODEME HIZMETLERI AS,,,TR,TUR,TURKEY
539803,MASTERCARD,CREDIT,PREFERRED BUSINESS,"KUVEYT TURK KATILIM BANKASI , A.S.",,,TR,TUR,TURKEY
539957,MASTERCARD,CREDIT,WORLD BLACK,QNB BANK A.S,,,TR,TUR,TURKEY
540024,MASTERCARD,CREDIT,STANDARD,"ING BANK, A.S.",+908502220600,http://www.ingbank.com.tr,TR,TUR,TURKEY
540025,MASTERCARD,CREDIT,BUSINESS,"ING BANK, A.S.",+908502220600,http://www.ingbank.com.tr,TR,TUR,TURKEY
540036,MASTERCARD,CREDIT,STANDARD,"TURKIYE GARANTI BANKASI, A.S.",+902123181818,http://www.garanti.com.tr,TR,TUR,TURKEY
540037,MASTERCARD,CREDIT,BUSINESS,"TURKIYE GARANTI BANKASI, A.S.",,http://www.garanti.com.tr,TR,TUR,TURKEY
540045,MASTERCARD,CREDIT,MIXED PRODUCT,TURKIYE VAKIFLAR BANKASI T.A.O.,+903124557851,http://www.vakifbank.com.tr,TR,TUR,TURKEY
540046,MASTERCARD,CREDIT,MIXED PRODUCT,TURKIYE VAKIFLAR BANKASI T.A.O.,+903124557851,http://www.vakifbank.com.tr,TR,TUR,TURKEY
540061,MASTERCARD,CREDIT,GOLD,"YAPI VE KREDI BANKASI, A.S.",,http://www.yapikredi.com.tr,TR,TUR,TURKEY
540062,MASTERCARD,CREDIT,STANDARD,"YAPI VE KREDI BANKASI, A.S.",,http://www.yapikredi.com.tr,TR,TUR,TURKEY
540063,MASTERCARD,CREDIT,GOLD,"YAPI VE KREDI BANKASI, A.S.",,http://www.yapikredi.com.tr,TR,TUR,TURKEY
540118,MASTERCARD,CREDIT,PLATINUM,"TURKIYE GARANTI BANKASI, A.S.",,http://www.garanti.com.tr,TR,TUR,TURKEY
540122,MASTERCARD,CREDIT,GOLD,"YAPI VE KREDI BANKASI, A.S.",,http://www.yapikredi.com.tr,TR,TUR,TURKEY
540129,MASTERCARD,CREDIT,GOLD,"YAPI VE KREDI BANKASI, A.S.",,http://www.yapikredi.com.tr,TR,TUR,TURKEY
540130,MASTERCARD,CREDIT,STANDARD,"T.C. ZIRAAT BANKASI, A.S.",,,TR,TUR,TURKEY
540284,MASTERCARD,CREDIT,,PAMUKBANK T.A.S.,+903123111192,,TR,TUR,TURKEY
540387,MASTERCARD,CREDIT,STANDARD,HAYAT FINANS KATILIM BANKASI AS,,,TR,TUR,TURKEY
540431,MASTERCARD,DEBIT,PREPAID,AHLATCI ODEME VE ELEKTRONIK PARA HIZMETLERI AS,,,TR,TUR,TURKEY
540435,MASTERCARD,CREDIT,GOLD,"TURKIYE HALK BANKASI, A.S.",,http://www.halkbank.com.tr,TR,TUR,TURKEY
540486,MASTERCARD,DEBIT,PREPAID,VEPARA ODEME VE ELEKTRONIK PARA HIZMETLERI AS,,,TR,TUR,TURKEY
540572,MASTERCARD,DEBIT,STANDARD,"TURKISH BANK, A.S.",,,TR,TUR,TURKEY
540643,MASTERCARD,CREDIT,STANDARD,"HSBC BANK, A.S.",+902123764000,http://www.hsbc.com.tr,TR,TUR,TURKEY
540667,MASTERCARD,CREDIT,PLATINUM,"TURKIYE IS BANKASI, A.S.",,http://www.isbank.com.tr,TR,TUR,TURKEY
540668,MASTERCARD,CREDIT,WORLD,"TURKIYE IS BANKASI, A.S.",,http://www.isbank.com.tr,TR,TUR,TURKEY
540669,MASTERCARD,CREDIT,STANDARD,"TURKIYE GARANTI BANKASI, A.S.",,http://www.garanti.com.tr,TR,TUR,TURKEY
540709,MASTERCARD,CREDIT,WORLD BLACK,"TURKIYE GARANTI BANKASI, A.S.",,http://www.garanti.com.tr,TR,TUR,TURKEY
541073,MASTERCARD,CREDIT,STANDARD,,,,TR,TUR,TURKEY
541074,MASTERCARD,CREDIT,,"IKTISAT BANKASI TURK, A.S.",,,TR,TUR,TURKEY
541076,MASTERCARD,CREDIT,,"IKTISAT BANKASI TURK, A.S.",,,TR,TUR,TURKEY
541440,MASTERCARD,DEBIT,PREPAID,"TURKIYE IS BANKASI, A.S.",,http://www.isbank.com.tr,TR,TUR,TURKEY
541762,MASTERCARD,CREDIT,BUSINESS,"YAPI VE KREDI BANKASI, A.S.",,http://www.yapikredi.com.tr,TR,TUR,TURKEY
541786,MASTERCARD,CREDIT,CORPORATE,"TURKIYE FINANS KATILIM BANKASI , A.S.",,,TR,TUR,TURKEY
541865,MASTERCARD,CREDIT,MIXED PRODUCT,"TURKIYE GARANTI BANKASI, A.S.",,http://www.garanti.com.tr,TR,TUR,TURKEY
541875,MASTERCARD,CREDIT,STANDARD,"BURGAN BANK, A.S.",,,TR,TUR,TURKEY
541876,MASTERCARD,CREDIT,STANDARD,TOM KATILIM BANKASI A.S,,,TR,TUR,TURKEY
541932,MASTERCARD,CREDIT,,"IKTISAT BANKASI TURK, A.S.",,,TR,TUR,TURKEY
542029,MASTERCARD,CREDIT,MIXED PRODUCT,"ING, A.S.",,,TR,TUR,TURKEY
542030,MASTERCARD,CREDIT,GOLD,"TURKIYE GARANTI BANKASI, A.S.",+902123181818,http://www.garanti.com.tr,TR,TUR,TURKEY
542111,MASTERCARD,CREDIT,BUSINESS,"TURKIYE GARANTI BANKASI, A.S.",,http://www.garanti.com.tr,TR,TUR,TURKEY
542117,MASTERCARD,CREDIT,STANDARD,"YAPI VE KREDI BANKASI, A.S.",,http://www.yapikredi.com.tr,TR,TUR,TURKEY
542119,MASTERCARD,CREDIT,MIXED PRODUCT,TURKIYE VAKIFLAR BANKASI T.A.O.,+903124557851,http://www.vakifbank.com.tr,TR,TUR,TURKEY
542238,MASTERCARD,DEBIT,PREPAID CORPORATE,GOLDEN GLOBAL YATIRIM BANKASI AS,,,TR,TUR,TURKEY
542254,MASTERCARD,CREDIT,STANDARD,"HSBC BANK, A.S.",+902123764000,http://www.hsbc.com.tr,TR,TUR,TURKEY
542259,MASTERCARD,CREDIT,PLATINUM,"TURK EKONOMI BANKASI, A.S.",,http://www.teb.com.tr,TR,TUR,TURKEY
542281,MASTERCARD,DEBIT,PREPAID,"DENIZBANK, A.S.",,http://www.denizbank.com,TR,TUR,TURKEY
542374,MASTERCARD,CREDIT,MIXED PRODUCT,"T.C. ZIRAAT BANKASI, A.S.",,,TR,TUR,TURKEY
542404,MASTERCARD,CREDIT,BUSINESS,QNB BANK A.S,,,TR,TUR,TURKEY
542415,MASTERCARD,DEBIT,PREPAID BUSINESS,TURK ELEKTRONIK PARA A S,,,TR,TUR,TURKEY
542605,MASTERCARD,CREDIT,STANDARD,"ING BANK, A.S.",+908502220600,http://www.ingbank.com.tr,TR,TUR,TURKEY
542624,MASTERCARD,DEBIT,PREPAID,PAPEL ELEKTRONIK PARA VE ODEME HIZMETLERI A S,,,TR,TUR,TURKEY
542694,MASTERCARD,CREDIT,WORLD,"TURKIYE HALK BANKASI, A.S.",,http://www.halkbank.com.tr,TR,TUR,TURKEY
542724,MASTERCARD,DEBIT,BUSINESS,"ODEA BANK, A.S.",,,TR,TUR,TURKEY
542772,MASTERCARD,DEBIT,PREPAID,DGPARA ODEME KURULUSU AS,,,TR,TUR,TURKEY
542798,MASTERCARD,CREDIT,STANDARD,TURKIYE VAKIFLAR BANKASI T.A.O.,+903124557851,http://www.vakifbank.com.tr,TR,TUR,TURKEY
542804,MASTERCARD,CREDIT,GOLD,TURKIYE VAKIFLAR BANKASI T.A.O.,+903124557851,http://www.vakifbank.com.tr,TR,TUR,TURKEY
542836,MASTERCARD,CREDIT,STANDARD,"YAPI VE KREDI BANKASI, A.S.",,http://www.yapikredi.com.tr,TR,TUR,TURKEY
542941,MASTERCARD,DEBIT,WORLD BLACK,"T.C. ZIRAAT BANKASI, A.S.",,,TR,TUR,TURKEY
542965,MASTERCARD,CREDIT,GOLD,"ING, A.S.",,,TR,TUR,TURKEY
542967,MASTERCARD,CREDIT,GOLD,"ING, A.S.",,,TR,TUR,TURKEY
543039,MASTERCARD,CREDIT,,PAMUKBANK T.A.S.,+903123111192,,TR,TUR,TURKEY
543081,MASTERCARD,CREDIT,STANDARD,"TURKIYE HALK BANKASI, A.S.",,http://www.halkbank.com.tr,TR,TUR,TURKEY
543187,MASTERCARD,CREDIT,WORLD,"YAPI VE KREDI BANKASI, A.S.",,http://www.yapikredi.com.tr,TR,TUR,TURKEY
543198,MASTERCARD,DEBIT,STANDARD,"TURKIYE IS BANKASI, A.S.",,http://www.isbank.com.tr,TR,TUR,TURKEY
543358,MASTERCARD,CREDIT,STANDARD,"DENIZBANK, A.S.",,http://www.denizbank.com,TR,TUR,TURKEY
543394,MASTERCARD,CREDIT,WORLD,"TURKIYE GARANTI BANKASI, A.S.",,http://www.garanti.com.tr,TR,TUR,TURKEY
543400,MASTERCARD,CREDIT,GOLD,"DENIZBANK, A.S.",+904440800,http://www.denizbank.com,TR,TUR,TURKEY
543427,MASTERCARD,CREDIT,STANDARD,"DENIZBANK, A.S.",,http://www.denizbank.com,TR,TUR,TURKEY
543624,MASTERCARD,CREDIT,GOLD,"FIBABANKA, A.S.",+902123818282,,TR,TUR,TURKEY
543709,MASTERCARD,CREDIT,STANDARD,"TURKIYE IS BANKASI, A.S.",,http://www.isbank.com.tr,TR,TUR,TURKEY
543738,MASTERCARD,CREDIT,STANDARD,"TURKIYE GARANTI BANKASI, A.S.",,http://www.garanti.com.tr,TR,TUR,TURKEY
543745,MASTERCARD,CREDIT,STANDARD,"TURKIYE IS BANKASI, A.S.",,http://www.isbank.com.tr,TR,TUR,TURKEY
543771,MASTERCARD,CREDIT,PLATINUM,"TURKIYE IS BANKASI, A.S.",,http://www.isbank.com.tr,TR,TUR,TURKEY
543867,MASTERCARD,DEBIT,STANDARD,"TURKIYE IS BANKASI, A.S.",,http://www.isbank.com.tr,TR,TUR,TURKEY
543943,MASTERCARD,CREDIT,STANDARD,"DENIZBANK, A.S.",,http://www.denizbank.com,TR,TUR,TURKEY
543944,MASTERCARD,CREDIT,GOLD,"DENIZBANK, A.S.",+904440800,http://www.denizbank.com,TR,TUR,TURKEY
544048,MASTERCARD,DEBIT,PREPAID,"DENIZBANK, A.S.",,http://www.denizbank.com,TR,TUR,TURKEY
544060,MASTERCARD,DEBIT,PREPAID RELOADABLE,TURKCELL ODEME VE ELEKTRONIK PARA HIZMETLERI AS,,,TR,TUR,TURKEY
544078,MASTERCARD,CREDIT,STANDARD,"TURKIYE GARANTI BANKASI, A.S.",,http://www.garanti.com.tr,TR,TUR,TURKEY
544294,MASTERCARD,CREDIT,CLASSIC,"TURKIYE GARANTI BANKASI, A.S.",+902123181818,http://www.garanti.com.tr,TR,TUR,TURKEY
544401,MASTERCARD,DEBIT,PREPAID,ALBARAKA TURK KATILIM BANKASI A.S,,,TR,TUR,TURKEY
544568,MASTERCARD,CREDIT,STANDARD,"YAPI VE KREDI BANKASI, A.S.",,http://www.yapikredi.com.tr,TR,TUR,TURKEY
544569,MASTERCARD,CREDIT,GOLD,"YAPI VE KREDI BANKASI, A.S.",,http://www.yapikredi.com.tr,TR,TUR,TURKEY
544638,MASTERCARD,CREDIT,WORLD,"TURKIYE GARANTI BANKASI, A.S.",,http://www.garanti.com.tr,TR,TUR,TURKEY
544716,MASTERCARD,CREDIT,GOLD,"YAPI VE KREDI BANKASI, A.S.",,http://www.yapikredi.com.tr,TR,TUR,TURKEY
544836,MASTERCARD,CREDIT,GOLD,"ALTERNATIFBANK, A.S.",,http://www.abank.com.tr,TR,TUR,TURKEY
545044,MASTERCARD,DEBIT,PREPAID RELOADABLE,TURKCELL ODEME VE ELEKTRONIK PARA HIZMETLERI AS,,,TR,TUR,TURKEY
545103,MASTERCARD,CREDIT,WORLD,"YAPI VE KREDI BANKASI, A.S.",,http://www.yapikredi.com.tr,TR,TUR,TURKEY
545120,MASTERCARD,CREDIT,WORLD,QNB BANK A.S,,,TR,TUR,TURKEY
545124,MASTERCARD,CREDIT,WORLD,"TURK EKONOMI BANKASI, A.S.",,http://www.teb.com.tr,TR,TUR,TURKEY
545148,MASTERCARD,CREDIT,WORLD,"TURK EKONOMI BANKASI, A.S.",444 0 666 TEB,http://www.teb.com.tr,TR,TUR,TURKEY
545183,MASTERCARD,CREDIT,WORLD,"HSBC BANK, A.S.",+902123764000,http://www.hsbc.com.tr,TR,TUR,TURKEY
545254,MASTERCARD,DEBIT,PREPAID,"TURKIYE IS BANKASI, A.S.",,http://www.isbank.com.tr,TR,TUR,TURKEY
545442,MASTERCARD,CREDIT,GOLD,"YAPI VE KREDI BANKASI, A.S.",,http://www.yapikredi.com.tr,TR,TUR,TURKEY
545469,MASTERCARD,CREDIT,STANDARD,"YAPI VE KREDI BANKASI, A.S.",,http://www.yapikredi.com.tr,TR,TUR,TURKEY
545560,MASTERCARD,CREDIT,STANDARD,"YAPI VE KREDI BANKASI, A.S.",,http://www.yapikredi.com.tr,TR,TUR,TURKEY
545583,MASTERCARD,CREDIT,WORLD,"YAPI VE KREDI BANKASI, A.S.",,http://www.yapikredi.com.tr,TR,TUR,TURKEY
545616,MASTERCARD,CREDIT,STANDARD,QNB BANK A.S,,,TR,TUR,TURKEY
545769,MASTERCARD,CREDIT,STANDARD,"ICBC TURKEY BANK, A.S.",,,TR,TUR,TURKEY
545770,MASTERCARD,CREDIT,GOLD,"ICBC TURKEY BANK, A.S.",,,TR,TUR,TURKEY
545847,MASTERCARD,CREDIT,WORLD,QNB BANK A.S,,,TR,TUR,TURKEY
545915,MASTERCARD,CREDIT,STANDARD,"YAPI VE KREDI BANKASI, A.S.",,http://www.yapikredi.com.tr,TR,TUR,TURKEY
545976,MASTERCARD,CREDIT,GOLD,"YAPI VE KREDI BANKASI, A.S.",,http://www.yapikredi.com.tr,TR,TUR,TURKEY
546014,MASTERCARD,CREDIT,WORLD,"YAPI VE KREDI BANKASI, A.S.",,http://www.yapikredi.com.tr,TR,TUR,TURKEY
546039,MASTERCARD,CREDIT,STANDARD,"YAPI VE KREDI BANKASI, A.S.",,http://www.yapikredi.com.tr,TR,TUR,TURKEY
546764,MASTERCARD,CREDIT,STANDARD,"DENIZBANK, A.S.",,http://www.denizbank.com,TR,TUR,TURKEY
546957,MASTERCARD,DEBIT,PREPAID,"T.C. ZIRAAT BANKASI, A.S.",,,TR,TUR,TURKEY
547161,MASTERCARD,CREDIT,GOLD,"CITIBANK, A.S.",+902123194500,https://www.citibank.com.tr,TR,TUR,TURKEY
547187,MASTERCARD,CREDIT,GOLD,"YAPI VE KREDI BANKASI, A.S.",,http://www.yapikredi.com.tr,TR,TUR,TURKEY
547198,MASTERCARD,CREDIT,STANDARD,"YAPI VE KREDI BANKASI, A.S.",,http://www.yapikredi.com.tr,TR,TUR,TURKEY
547234,MASTERCARD,CREDIT,BUSINESS,ALBARAKA TURK KATILIM BANKASI A.S,,,TR,TUR,TURKEY
547244,MASTERCARD,CREDIT,BUSINESS,TURKIYE VAKIFLAR BANKASI T.A.O.,+903124557851,http://www.vakifbank.com.tr,TR,TUR,TURKEY
547287,MASTERCARD,CREDIT,BUSINESS,"T.C. ZIRAAT BANKASI, A.S.",,,TR,TUR,TURKEY
547311,MASTERCARD,CREDIT,BUSINESS,SEKERBANK T.A.S.,+902123197000,http://www.sekerbank.com.tr,TR,TUR,TURKEY
547402,MASTERCARD,DEBIT,BUSINESS,GOLDEN GLOBAL YATIRIM BANKASI AS,,,TR,TUR,TURKEY
547564,MASTERCARD,CREDIT,BUSINESS,"KUVEYT TURK KATILIM BANKASI , A.S.",,,TR,TUR,TURKEY
547567,MASTERCARD,CREDIT,PREFERRED BUSINESS,QNB BANK A.S,,,TR,TUR,TURKEY
547680,MASTERCARD,CREDIT,BUSINESS,"DENIZBANK, A.S.",+904440800,http://www.denizbank.com,TR,TUR,TURKEY
547765,MASTERCARD,CREDIT,BUSINESS,"ING, A.S.",,,TR,TUR,TURKEY
547772,MASTERCARD,CREDIT,STANDARD,QNB BANK A.S,,,TR,TUR,TURKEY
547799,MASTERCARD,CREDIT,BUSINESS,"ASYA KATILIM BANKASI, A.S.",+902166335000,http://www.bankasya.com.tr,TR,TUR,TURKEY
547800,MASTERCARD,CREDIT,PREFERRED BUSINESS,QNB BANK A.S,,,TR,TUR,TURKEY
547840,MASTERCARD,CREDIT,BUSINESS,"FIBABANKA, A.S.",+902123818282,,TR,TUR,TURKEY
547968,MASTERCARD,CREDIT,BUSINESS,"TURKIYE GARANTI BANKASI, A.S.",,http://www.garanti.com.tr,TR,TUR,TURKEY
547980,MASTERCARD,CREDIT,BUSINESS,VAKIF KATILIM BANKASI,,,TR,TUR,TURKEY
547985,MASTERCARD,CREDIT,BUSINESS,"TURK EKONOMI BANKASI, A.S.",,http://www.teb.com.tr,TR,TUR,TURKEY
548202,MASTERCARD,CREDIT,STANDARD,"DENIZBANK, A.S.",+904440800,http://www.denizbank.com,TR,TUR,TURKEY
548232,MASTERCARD,CREDIT,GOLD,ALBARAKA TURK KATILIM BANKASI A.S,,,TR,TUR,TURKEY
548237,MASTERCARD,CREDIT,GOLD,"TURKIYE IS BANKASI, A.S.",,http://www.isbank.com.tr,TR,TUR,TURKEY
548334,MASTERCARD,CREDIT,WORLD,"TURKIYE GARANTI BANKASI, A.S.",,http://www.garanti.com.tr,TR,TUR,TURKEY
548375,MASTERCARD,CREDIT,PLATINUM,TURKIYE VAKIFLAR BANKASI T.A.O.,+903124557851,http://www.vakifbank.com.tr,TR,TUR,TURKEY
548434,MASTERCARD,CREDIT,GOLD,"DENIZBANK, A.S.",+904440800,http://www.denizbank.com,TR,TUR,TURKEY
548705,MASTERCARD,CREDIT,STANDARD,"YAPI VE KREDI BANKASI, A.S.",,http://www.yapikredi.com.tr,TR,TUR,TURKEY
548793,MASTERCARD,DEBIT,PREPAID,PAPARA ELEKTRONIK PARA VE ODEME HIZMETLERI AS,,,TR,TUR,TURKEY
548819,MASTERCARD,CREDIT,GOLD,"ING BANK, A.S.",+908502220600,http://www.ingbank.com.tr,TR,TUR,TURKEY
548935,MASTERCARD,CREDIT,GOLD,"TURKIYE GARANTI BANKASI, A.S.",,http://www.garanti.com.tr,TR,TUR,TURKEY
548975,MASTERCARD,CREDIT,GOLD,"YAPI VE KREDI BANKASI, A.S.",,http://www.yapikredi.com.tr,TR,TUR,TURKEY
549203,MASTERCARD,CREDIT,STANDARD,"YAPI VE KREDI BANKASI, A.S.",,http://www.yapikredi.com.tr,TR,TUR,TURKEY
549208,MASTERCARD,CREDIT,MIXED PRODUCT,SEKERBANK T.A.S.,+902123197000,http://www.sekerbank.com.tr,TR,TUR,TURKEY
549211,MASTERCARD,CREDIT,STANDARD,"YAPI VE KREDI BANKASI, A.S.",,http://www.yapikredi.com.tr,TR,TUR,TURKEY
549219,MASTERCARD,CREDIT,BUSINESS PREFERRED,"TURKIYE GARANTI BANKASI, A.S.",,http://www.garanti.com.tr,TR,TUR,TURKEY
549220,MASTERCARD,CREDIT,GOLD,"CITIBANK, A.S.",+902123194500,https://www.citibank.com.tr,TR,TUR,TURKEY
549294,MASTERCARD,CREDIT,STANDARD,"TURKIYE FINANS KATILIM BANKASI , A.S.",,,TR,TUR,TURKEY
549394,MASTERCARD,CREDIT,CLASSIC,SEKERBANK T.A.S.,+902123197000,http://www.sekerbank.com.tr,TR,TUR,TURKEY
549449,MASTERCARD,CREDIT,STANDARD,"T.C. ZIRAAT BANKASI, A.S.",,,TR,TUR,TURKEY
549520,MASTERCARD,DEBIT,PREPAID RELOADABLE,"DENIZBANK, A.S.",+904440800,http://www.denizbank.com,TR,TUR,TURKEY
549539,MASTERCARD,DEBIT,PREPAID,"AKTIF YATIRIM BANKASI, A.S.",,,TR,TUR,TURKEY
549624,MASTERCARD,DEBIT,PREPAID,"YAPI VE KREDI BANKASI, A.S.",,http://www.yapikredi.com.tr,TR,TUR,TURKEY
549839,MASTERCARD,CREDIT,WORLD,"DENIZBANK, A.S.",,http://www.denizbank.com,TR,TUR,TURKEY
549938,MASTERCARD,CREDIT,GOLD,"DENIZBANK, A.S.",+904440800,http://www.denizbank.com,TR,TUR,TURKEY
549997,MASTERCARD,CREDIT,WORLD,"TURKIYE GARANTI BANKASI, A.S.",,http://www.garanti.com.tr,TR,TUR,TURKEY
549998,MASTERCARD,CREDIT,STANDARD,"TURK EKONOMI BANKASI, A.S.",,http://www.teb.com.tr,TR,TUR,TURKEY
550074,MASTERCARD,CREDIT,WORLD,"ING, A.S.",,,TR,TUR,TURKEY
550291,MASTERCARD,CREDIT,,TURKIYE VAKIFLAR BANKASI T.A.O.,+903124557851,http://www.vakifbank.com.tr,TR,TUR,TURKEY
550383,MASTERCARD,CREDIT,,AKBANK T.A.S.,+904442525,http://www.akbank.com,TR,TUR,TURKEY
550412,MASTERCARD,DEBIT,,HSBC,,,TR,TUR,TURKEY
550413,MASTERCARD,DEBIT,,,,,TR,TUR,TURKEY
550449,MASTERCARD,CREDIT,GOLD,"TURK EKONOMI BANKASI, A.S.",,http://www.teb.com.tr,TR,TUR,TURKEY
550452,MASTERCARD,DEBIT,,,,,TR,TUR,TURKEY
550472,MASTERCARD,CREDIT,STANDARD,"HSBC BANK, A.S.",+902123764000,http://www.hsbc.com.tr,TR,TUR,TURKEY
550473,MASTERCARD,CREDIT,GOLD,"HSBC BANK, A.S.",+902123764000,http://www.hsbc.com.tr,TR,TUR,TURKEY
550478,MASTERCARD,CREDIT,STANDARD,"ING, A.S.",,,TR,TUR,TURKEY
550634,MASTERCARD,DEBIT,,,,,TR,TUR,TURKEY
551458,MASTERCARD,DEBIT,STANDARD,"ALTERNATIFBANK, A.S.",,http://www.abank.com.tr,TR,TUR,TURKEY
552095,MASTERCARD,CREDIT,PLATINUM,"TURKIYE GARANTI BANKASI, A.S.",+902123181818,http://www.garanti.com.tr,TR,TUR,TURKEY
552096,MASTERCARD,CREDIT,WORLD,"TURKIYE IS BANKASI, A.S.",,http://www.isbank.com.tr,TR,TUR,TURKEY
552098,MASTERCARD,CREDIT,PLATINUM,"TURKISH BANK, A.S.",,,TR,TUR,TURKEY
552101,MASTERCARD,CREDIT,WORLD,TURKIYE VAKIFLAR BANKASI T.A.O.,+903124557851,http://www.vakifbank.com.tr,TR,TUR,TURKEY
552143,MASTERCARD,CREDIT,PLATINUM,"HSBC BANK, A.S.",+902123764000,http://www.hsbc.com.tr,TR,TUR,TURKEY
552207,MASTERCARD,CREDIT,PLATINUM,"TURK EKONOMI BANKASI, A.S.",,http://www.teb.com.tr,TR,TUR,TURKEY
552427,MASTERCARD,DEBIT,PREPAID,"TURKIYE IS BANKASI, A.S.",,http://www.isbank.com.tr,TR,TUR,TURKEY
552547,MASTERCARD,CREDIT,CORPORATE,SEKERBANK T.A.S.,+902123197000,http://www.sekerbank.com.tr,TR,TUR,TURKEY
552557,MASTERCARD,DEBIT,STANDARD,"ANADOLUBANK, A.S.",,,TR,TUR,TURKEY
552608,MASTERCARD,CREDIT,PREFERRED BUSINESS,AKBANK T.A.S.,+904442525,http://www.akbank.com,TR,TUR,TURKEY
552609,MASTERCARD,CREDIT,PREFERRED BUSINESS,AKBANK T.A.S.,+904442525,http://www.akbank.com,TR,TUR,TURKEY
552610,MASTERCARD,CREDIT,CORPORATE,"TURKIYE FINANS KATILIM BANKASI , A.S.",,,TR,TUR,TURKEY
552645,MASTERCARD,CREDIT,BUSINESS,"YAPI VE KREDI BANKASI, A.S.",,http://www.yapikredi.com.tr,TR,TUR,TURKEY
552659,MASTERCARD,CREDIT,CORPORATE,"YAPI VE KREDI BANKASI, A.S.",,http://www.yapikredi.com.tr,TR,TUR,TURKEY
552679,MASTERCARD,CREDIT,BUSINESS,"DENIZBANK, A.S.",,http://www.denizbank.com,TR,TUR,TURKEY
552879,MASTERCARD,CREDIT,PREFERRED BUSINESS,"TURKIYE HALK BANKASI, A.S.",,http://www.halkbank.com.tr,TR,TUR,TURKEY
553056,MASTERCARD,CREDIT,PREFERRED BUSINESS,AKBANK T.A.S.,+904442525,http://www.akbank.com,TR,TUR,TURKEY
553058,MASTERCARD,CREDIT,BUSINESS,"TURKIYE IS BANKASI, A.S.",,http://www.isbank.com.tr,TR,TUR,TURKEY
553090,MASTERCARD,CREDIT,BUSINESS,"TURK EKONOMI BANKASI, A.S.",,http://www.teb.com.tr,TR,TUR,TURKEY
553130,MASTERCARD,CREDIT,BUSINESS,"TURKIYE GARANTI BANKASI, A.S.",,http://www.garanti.com.tr,TR,TUR,TURKEY
553427,MASTERCARD,DEBIT,STANDARD,"AKTIF YATIRIM BANKASI, A.S.",,,TR,TUR,TURKEY
553493,MASTERCARD,CREDIT,CORPORATE,"CITIBANK, A.S.",,https://www.citibank.com.tr,TR,TUR,TURKEY
553870,MASTERCARD,DEBIT,BUSINESS,"ALTERNATIFBANK, A.S.",,http://www.abank.com.tr,TR,TUR,TURKEY
554034,MASTERCARD,CREDIT,PLATINUM,"DENIZBANK, A.S.",+904440800,http://www.denizbank.com,TR,TUR,TURKEY
554253,MASTERCARD,CREDIT,STANDARD,"TURKIYE GARANTI BANKASI, A.S.",,http://www.garanti.com.tr,TR,TUR,TURKEY
554254,MASTERCARD,CREDIT,GOLD,"TURKIYE GARANTI BANKASI, A.S.",,http://www.garanti.com.tr,TR,TUR,TURKEY
554297,MASTERCARD,CREDIT,STANDARD,"ING BANK, A.S.",+908502220600,http://www.ingbank.com.tr,TR,TUR,TURKEY
554301,MASTERCARD,CREDIT,WORLD,"ANADOLUBANK, A.S.",,,TR,TUR,TURKEY
554422,MASTERCARD,CREDIT,,"YAPI VE KREDI BANKASI, A.S.",+904440444,http://www.yapikredi.com.tr,TR,TUR,TURKEY
554483,MASTERCARD,CREDIT,GOLD,"DENIZBANK, A.S.",+904440800,http://www.denizbank.com,TR,TUR,TURKEY
554536,MASTERCARD,CREDIT,GOLD,"YAPI VE KREDI BANKASI, A.S.",,http://www.yapikredi.com.tr,TR,TUR,TURKEY
554548,MASTERCARD,DEBIT,PREPAID,TURKIYE VAKIFLAR BANKASI T.A.O.,+903124557851,http://www.vakifbank.com.tr,TR,TUR,TURKEY
554566,MASTERCARD,CREDIT,PLATINUM,"DENIZBANK, A.S.",+904440800,http://www.denizbank.com,TR,TUR,TURKEY
554570,MASTERCARD,CREDIT,PLATINUM,"ING, A.S.",,,TR,TUR,TURKEY
554796,MASTERCARD,CREDIT,GOLD,"TURKIYE GARANTI BANKASI, A.S.",+902123181818,http://www.garanti.com.tr,TR,TUR,TURKEY
554960,MASTERCARD,CREDIT,STANDARD,"TURKIYE GARANTI BANKASI, A.S.",,http://www.garanti.com.tr,TR,TUR,TURKEY
554975,MASTERCARD,CREDIT,STANDARD,"CITIBANK, A.S.",+902123194500,https://www.citibank.com.tr,TR,TUR,TURKEY
554976,MASTERCARD,CREDIT,GOLD,"CITIBANK, A.S.",+902123194500,https://www.citibank.com.tr,TR,TUR,TURKEY
555087,MASTERCARD,CREDIT,CORPORATE PURCHASING,"CITIBANK, A.S.",,https://www.citibank.com.tr,TR,TUR,TURKEY
555366,MASTERCARD,CREDIT,BUSINESS,"TURKIYE GARANTI BANKASI, A.S.",,http://www.garanti.com.tr,TR,TUR,TURKEY
555371,MASTERCARD,CREDIT,BUSINESS,"YAPI VE KREDI BANKASI, A.S.",,http://www.yapikredi.com.tr,TR,TUR,TURKEY
555467,MASTERCARD,DEBIT,PREPAID,TURKIYE VAKIFLAR BANKASI T.A.O.,+903124557851,http://www.vakifbank.com.tr,TR,TUR,TURKEY
555518,MASTERCARD,DEBIT,PREPAID,ININAL ODEME VE ELEKTRONIK PARA HIZMETLERI AS,,,TR,TUR,TURKEY
555574,MASTERCARD,CREDIT,WORLD BLACK,"DENIZBANK, A.S.",,http://www.denizbank.com,TR,TUR,TURKEY
555636,MASTERCARD,CREDIT,WORLD,"DENIZBANK, A.S.",,http://www.denizbank.com,TR,TUR,TURKEY
555660,MASTERCARD,CREDIT,STANDARD,"DENIZBANK, A.S.",,http://www.denizbank.com,TR,TUR,TURKEY
556030,MASTERCARD,CREDIT,BUSINESS,"HSBC BANK, A.S.",+902123764000,http://www.hsbc.com.tr,TR,TUR,TURKEY
556031,MASTERCARD,CREDIT,BUSINESS,"HSBC BANK, A.S.",+902123764000,http://www.hsbc.com.tr,TR,TUR,TURKEY
556033,MASTERCARD,CREDIT,BUSINESS,"HSBC BANK, A.S.",+902123764000,http://www.hsbc.com.tr,TR,TUR,TURKEY
556034,MASTERCARD,CREDIT,BUSINESS,"HSBC BANK, A.S.",+902123764000,http://www.hsbc.com.tr,TR,TUR,TURKEY
556456,MASTERCARD,CREDIT,,,,,TR,TUR,TURKEY
556665,MASTERCARD,CREDIT,CORPORATE,"HSBC BANK, A.S.",+902123764000,http://www.hsbc.com.tr,TR,TUR,TURKEY
557023,MASTERCARD,CREDIT,STANDARD,"TURKIYE GARANTI BANKASI, A.S.",,http://www.garanti.com.tr,TR,TUR,TURKEY
557113,MASTERCARD,CREDIT,STANDARD,AKBANK T.A.S.,+904442525,http://www.akbank.com,TR,TUR,TURKEY
557122,MASTERCARD,CREDIT,STANDARD,SEKERBANK T.A.S.,+902123197000,http://www.sekerbank.com.tr,TR,TUR,TURKEY
557370,MASTERCARD,DEBIT,STANDARD,"KUVEYT TURK KATILIM BANKASI , A.S.",,,TR,TUR,TURKEY
557374,MASTERCARD,DEBIT,STANDARD,"FIBABANKA, A.S.",,,TR,TUR,TURKEY
557396,MASTERCARD,DEBIT,PREPAID ISIC,PAPARA ELEKTRONIK PARA VE ODEME HIZMETLERI AS,,,TR,TUR,TURKEY
557824,MASTERCARD,CREDIT,STANDARD,"YAPI VE KREDI BANKASI, A.S.",,http://www.yapikredi.com.tr,TR,TUR,TURKEY
557829,MASTERCARD,CREDIT,GOLD,AKBANK T.A.S.,+904442525,http://www.akbank.com,TR,TUR,TURKEY
557830,MASTERCARD,CREDIT,GOLD,"YAPI VE KREDI BANKASI, A.S.",,http://www.yapikredi.com.tr,TR,TUR,TURKEY
557844,MASTERCARD,CREDIT,GOLD,"T.C. ZIRAAT BANKASI, A.S.",,,TR,TUR,TURKEY
558030,MASTERCARD,DEBIT,PREPAID,"TURKISH BANK, A.S.",,,TR,TUR,TURKEY
558215,MASTERCARD,DEBIT,STANDARD,VAKIF KATILIM BANKASI,,,TR,TUR,TURKEY
558336,MASTERCARD,CREDIT,BUSINESS,"T.C. ZIRAAT BANKASI, A.S.",,,TR,TUR,TURKEY
558379,MASTERCARD,CREDIT,BUSINESS,"DENIZBANK, A.S.",+904440800,http://www.denizbank.com,TR,TUR,TURKEY
558443,MASTERCARD,CREDIT,BUSINESS,"DENIZBANK, A.S.",,http://www.denizbank.com,TR,TUR,TURKEY
558446,MASTERCARD,CREDIT,BUSINESS,"DENIZBANK, A.S.",,http://www.denizbank.com,TR,TUR,TURKEY
558448,MASTERCARD,CREDIT,BUSINESS,"DENIZBANK, A.S.",,http://www.denizbank.com,TR,TUR,TURKEY
558460,MASTERCARD,CREDIT,BUSINESS,"DENIZBANK, A.S.",,http://www.denizbank.com,TR,TUR,TURKEY
558485,MASTERCARD,CREDIT,BUSINESS,"ALTERNATIFBANK, A.S.",,http://www.abank.com.tr,TR,TUR,TURKEY
558514,MASTERCARD,CREDIT,BUSINESS,"DENIZBANK, A.S.",,http://www.denizbank.com,TR,TUR,TURKEY
558593,MASTERCARD,CREDIT,BUSINESS,"ANADOLUBANK, A.S.",,,TR,TUR,TURKEY
558634,MASTERCARD,CREDIT,BUSINESS,"ICBC TURKEY BANK, A.S.",,,TR,TUR,TURKEY
558699,MASTERCARD,CREDIT,BUSINESS,"TURKIYE GARANTI BANKASI, A.S.",,http://www.garanti.com.tr,TR,TUR,TURKEY
559056,MASTERCARD,CREDIT,BUSINESS,"FIBABANKA, A.S.",,,TR,TUR,TURKEY
559096,MASTERCARD,CREDIT,EXECUTIVE BUSINESS,"FINANSBANK, A.S.",+908502220900,https://www.qnbfinansbank.com,TR,TUR,TURKEY
559289,MASTERCARD,CREDIT,BUSINESS,"TURKIYE IS BANKASI, A.S.",,http://www.isbank.com.tr,TR,TUR,TURKEY
559542,MASTERCARD,CREDIT,GOLD,"YAPI VE KREDI BANKASI, A.S.",,http://www.yapikredi.com.tr,TR,TUR,TURKEY
559860,MASTERCARD,CREDIT,GOLD,"YAPI VE KREDI BANKASI, A.S.",,http://www.yapikredi.com.tr,TR,TUR,TURKEY
559884,MASTERCARD,DEBIT,STANDARD,"AKTIF YATIRIM BANKASI, A.S.",,,TR,TUR,TURKEY
559907,MASTERCARD,CREDIT,STANDARD,"YAPI VE KREDI BANKASI, A.S.",,http://www.yapikredi.com.tr,TR,TUR,TURKEY
559917,MASTERCARD,CREDIT,GOLD,"YAPI VE KREDI BANKASI, A.S.",,http://www.yapikredi.com.tr,TR,TUR,TURKEY
559964,MASTERCARD,DEBIT,PREPAID RELOADABLE,TURK ELEKTRONIK PARA A S,,,TR,TUR,TURKEY
561056,MAESTRO,DEBIT,,"YAPI VE KREDI BANKASI, A.S.",+904440444,http://www.yapikredi.com.tr,TR,TUR,TURKEY
561657,MAESTRO,DEBIT,STANDARD,,,,TR,TUR,TURKEY
565432,MAESTRO,DEBIT,ELECTRON,,,,TR,TUR,TURKEY
565478,MAESTRO,DEBIT,STANDARD,,,,TR,TUR,TURKEY
569004,LOCAL BRAND,DEBIT,PERSONAL,AKBANK T.A.S.,+904442525,http://www.akbank.com,TR,TUR,TURKEY
570031,MAESTRO,DEBIT,STANDARD,MAESTRO INTERNATIONAL,,https://brand.mastercard.com,TR,TUR,TURKEY
570236,MAESTRO,DEBIT,,,,,TR,TUR,TURKEY
571134,MAESTRO,DEBIT,,,,,TR,TUR,TURKEY
571615,MAESTRO,DEBIT,STANDARD,,,,TR,TUR,TURKEY
572190,MAESTRO,DEBIT,STANDARD,,,,TR,TUR,TURKEY
573771,MAESTRO,DEBIT,,,,,TR,TUR,TURKEY
574153,MAESTRO,DEBIT,STANDARD,MAESTRO INTERNATIONAL,,https://brand.mastercard.com,TR,TUR,TURKEY
574850,MAESTRO,DEBIT,STANDARD,,,,TR,TUR,TURKEY
577100,MAESTRO,DEBIT,STANDARD,,,,TR,TUR,TURKEY
577805,MAESTRO,DEBIT,STANDARD,,,,TR,TUR,TURKEY
578662,MAESTRO,DEBIT,STANDARD,,,,TR,TUR,TURKEY
580539,MAESTRO,DEBIT,STANDARD,MAESTRO INTERNATIONAL,,https://brand.mastercard.com,TR,TUR,TURKEY
580904,MAESTRO,DEBIT,,,,,TR,TUR,TURKEY
581072,MAESTRO,DEBIT,STANDARD,MAESTRO INTERNATIONAL,,https://brand.mastercard.com,TR,TUR,TURKEY
581877,MAESTRO,DEBIT,,"AKTIF YATIRIM BANKASI, A.S.",,,TR,TUR,TURKEY
582920,MAESTRO,DEBIT,STANDARD,,,,TR,TUR,TURKEY
584960,MAESTRO,DEBIT,STANDARD,,,,TR,TUR,TURKEY
585757,MAESTRO,DEBIT,STANDARD,,,,TR,TUR,TURKEY
587752,MAESTRO,DEBIT,,,,,TR,TUR,TURKEY
588691,MAESTRO,DEBIT,,"YAPI VE KREDI BANKASI, A.S.",+904440444,http://www.yapikredi.com.tr,TR,TUR,TURKEY
588992,MAESTRO,DEBIT,STANDARD,YAPI KREDI,,,TR,TUR,TURKEY
589004,MAESTRO,DEBIT,,AKBANK T.A.S.,+904442525,http://www.akbank.com,TR,TUR,TURKEY
589019,MAESTRO,DEBIT,STANDARD,,,,TR,TUR,TURKEY
589117,MAESTRO,DEBIT,STANDARD,YAPI KREDI,,,TR,TUR,TURKEY
589215,MAESTRO,DEBIT,STANDARD,,,,TR,TUR,TURKEY
589283,MAESTRO,DEBIT,,"TURKIYE IS BANKASI, A.S.",,http://www.isbank.com.tr,TR,TUR,TURKEY
589288,MAESTRO,DEBIT,,"TURKISH BANK, A.S.",,,TR,TUR,TURKEY
589298,MAESTRO,DEBIT,STANDARD,"BURGAN BANK, A.S.",,,TR,TUR,TURKEY
589311,MAESTRO,DEBIT,,TURKIYE VAKIFLAR BANKASI T.A.O.,+903124557851,http://www.vakifbank.com.tr,TR,TUR,TURKEY
589318,MAESTRO,DEBIT,,"TURKIYE GARANTI BANKASI, A.S.",,http://www.garanti.com.tr,TR,TUR,TURKEY
589416,MAESTRO,DEBIT,,"ICBC TURKEY BANK, A.S.",,,TR,TUR,TURKEY
589500,MAESTRO,DEBIT,STANDARD,,,,TR,TUR,TURKEY
589713,MAESTRO,DEBIT,STANDARD,SEKERBANK T.A.S.,+902123197000,http://www.sekerbank.com.tr,TR,TUR,TURKEY
590076,MAESTRO,DEBIT,STANDARD,,,,TR,TUR,TURKEY
590109,MAESTRO,DEBIT,STANDARD,,,,TR,TUR,TURKEY
590200,MAESTRO,DEBIT,STANDARD,,,,TR,TUR,TURKEY
590272,MAESTRO,DEBIT,STANDARD,,,,TR,TUR,TURKEY
590288,MAESTRO,DEBIT,STANDARD,,,,TR,TUR,TURKEY
590304,MAESTRO,DEBIT,STANDARD,,,,TR,TUR,TURKEY
590339,MAESTRO,DEBIT,STANDARD,,,,TR,TUR,TURKEY
590373,MAESTRO,DEBIT,STANDARD,,,,TR,TUR,TURKEY
590396,MAESTRO,DEBIT,STANDARD,,,,TR,TUR,TURKEY
590481,MAESTRO,DEBIT,STANDARD,,,,TR,TUR,TURKEY
590486,MAESTRO,DEBIT,STANDARD,,,,TR,TUR,TURKEY
590509,MAESTRO,DEBIT,STANDARD,,,,TR,TUR,TURKEY
590545,MAESTRO,DEBIT,STANDARD,,,,TR,TUR,TURKEY
590587,MAESTRO,DEBIT,STANDARD,,,,TR,TUR,TURKEY
590653,MAESTRO,DEBIT,STANDARD,,,,TR,TUR,TURKEY
590714,MAESTRO,DEBIT,STANDARD,,,,TR,TUR,TURKEY
590738,MAESTRO,DEBIT,STANDARD,,,,TR,TUR,TURKEY
590809,MAESTRO,DEBIT,STANDARD,,,,TR,TUR,TURKEY
590852,MAESTRO,DEBIT,STANDARD,,,,TR,TUR,TURKEY
590853,MAESTRO,DEBIT,STANDARD,,,,TR,TUR,TURKEY
590886,MAESTRO,DEBIT,STANDARD,,,,TR,TUR,TURKEY
590980,MAESTRO,DEBIT,STANDARD,,,,TR,TUR,TURKEY
591052,MAESTRO,DEBIT,STANDARD,,,,TR,TUR,TURKEY
591079,MAESTRO,DEBIT,STANDARD,,,,TR,TUR,TURKEY
591111,MAESTRO,DEBIT,STANDARD,,,,TR,TUR,TURKEY
591179,MAESTRO,DEBIT,STANDARD,,,,TR,TUR,TURKEY
591180,MAESTRO,DEBIT,STANDARD,,,,TR,TUR,TURKEY
591182,MAESTRO,DEBIT,STANDARD,,,,TR,TUR,TURKEY
591305,MAESTRO,DEBIT,STANDARD,,,,TR,TUR,TURKEY
591363,MAESTRO,DEBIT,STANDARD,,,,TR,TUR,TURKEY
591451,MAESTRO,DEBIT,STANDARD,,,,TR,TUR,TURKEY
591507,MAESTRO,DEBIT,STANDARD,,,,TR,TUR,TURKEY
591511,MAESTRO,DEBIT,STANDARD,,,,TR,TUR,TURKEY
591529,MAESTRO,DEBIT,STANDARD,,,,TR,TUR,TURKEY
591535,MAESTRO,DEBIT,STANDARD,,,,TR,TUR,TURKEY
591639,MAESTRO,DEBIT,STANDARD,,,,TR,TUR,TURKEY
591645,MAESTRO,DEBIT,STANDARD,,,,TR,TUR,TURKEY
591712,MAESTRO,DEBIT,STANDARD,,,,TR,TUR,TURKEY
591793,MAESTRO,DEBIT,STANDARD,,,,TR,TUR,TURKEY
591811,MAESTRO,DEBIT,STANDARD,,,,TR,TUR,TURKEY
591916,MAESTRO,DEBIT,STANDARD,,,,TR,TUR,TURKEY
591967,MAESTRO,DEBIT,STANDARD,,,,TR,TUR,TURKEY
592026,MAESTRO,DEBIT,STANDARD,,,,TR,TUR,TURKEY
592046,MAESTRO,DEBIT,STANDARD,,,,TR,TUR,TURKEY
592140,MAESTRO,DEBIT,STANDARD,,,,TR,TUR,TURKEY
592185,MAESTRO,DEBIT,STANDARD,,,,TR,TUR,TURKEY
592229,MAESTRO,DEBIT,STANDARD,,,,TR,TUR,TURKEY
592236,MAESTRO,DEBIT,STANDARD,,,,TR,TUR,TURKEY
592316,MAESTRO,DEBIT,STANDARD,,,,TR,TUR,TURKEY
592457,MAESTRO,DEBIT,STANDARD,,,,TR,TUR,TURKEY
592479,MAESTRO,DEBIT,STANDARD,,,,TR,TUR,TURKEY
592485,MAESTRO,DEBIT,STANDARD,,,,TR,TUR,TURKEY
592515,MAESTRO,DEBIT,STANDARD,,,,TR,TUR,TURKEY
592661,MAESTRO,DEBIT,STANDARD,,,,TR,TUR,TURKEY
592665,MAESTRO,DEBIT,STANDARD,,,,TR,TUR,TURKEY
592669,MAESTRO,DEBIT,STANDARD,,,,TR,TUR,TURKEY
592688,MAESTRO,DEBIT,STANDARD,,,,TR,TUR,TURKEY
592708,MAESTRO,DEBIT,STANDARD,,,,TR,TUR,TURKEY
592751,MAESTRO,DEBIT,STANDARD,,,,TR,TUR,TURKEY
592773,MAESTRO,DEBIT,STANDARD,,,,TR,TUR,TURKEY
592827,MAESTRO,DEBIT,STANDARD,,,,TR,TUR,TURKEY
592913,MAESTRO,DEBIT,STANDARD,,,,TR,TUR,TURKEY
592954,MAESTRO,DEBIT,STANDARD,,,,TR,TUR,TURKEY
592976,MAESTRO,DEBIT,STANDARD,,,,TR,TUR,TURKEY
593130,MAESTRO,DEBIT,STANDARD,,,,TR,TUR,TURKEY
593276,MAESTRO,DEBIT,STANDARD,,,,TR,TUR,TURKEY
593341,MAESTRO,DEBIT,STANDARD,,,,TR,TUR,TURKEY
593398,MAESTRO,DEBIT,STANDARD,,,,TR,TUR,TURKEY
593403,MAESTRO,DEBIT,STANDARD,,,,TR,TUR,TURKEY
593409,MAESTRO,DEBIT,STANDARD,,,,TR,TUR,TURKEY
593424,MAESTRO,DEBIT,STANDARD,,,,TR,TUR,TURKEY
593439,MAESTRO,DEBIT,STANDARD,,,,TR,TUR,TURKEY
593463,MAESTRO,DEBIT,STANDARD,,,,TR,TUR,TURKEY
593469,MAESTRO,DEBIT,STANDARD,,,,TR,TUR,TURKEY
593545,MAESTRO,DEBIT,STANDARD,,,,TR,TUR,TURKEY
593686,MAESTRO,DEBIT,STANDARD,,,,TR,TUR,TURKEY
593714,MAESTRO,DEBIT,STANDARD,,,,TR,TUR,TURKEY
593744,MAESTRO,DEBIT,STANDARD,,,,TR,TUR,TURKEY
593856,MAESTRO,DEBIT,STANDARD,,,,TR,TUR,TURKEY
593960,MAESTRO,DEBIT,STANDARD,,,,TR,TUR,TURKEY
593981,MAESTRO,DEBIT,STANDARD,,,,TR,TUR,TURKEY
594140,MAESTRO,DEBIT,STANDARD,,,,TR,TUR,TURKEY
594168,MAESTRO,DEBIT,STANDARD,,,,TR,TUR,TURKEY
594173,MAESTRO,DEBIT,STANDARD,,,,TR,TUR,TURKEY
594180,MAESTRO,DEBIT,STANDARD,,,,TR,TUR,TURKEY
594205,MAESTRO,DEBIT,STANDARD,,,,TR,TUR,TURKEY
594214,MAESTRO,DEBIT,STANDARD,,,,TR,TUR,TURKEY
594249,MAESTRO,DEBIT,STANDARD,,,,TR,TUR,TURKEY
594302,MAESTRO,DEBIT,STANDARD,,,,TR,TUR,TURKEY
594311,MAESTRO,DEBIT,STANDARD,,,,TR,TUR,TURKEY
594495,MAESTRO,DEBIT,STANDARD,,,,TR,TUR,TURKEY
594501,MAESTRO,DEBIT,STANDARD,,,,TR,TUR,TURKEY
594562,MAESTRO,DEBIT,STANDARD,,,,TR,TUR,TURKEY
594565,MAESTRO,DEBIT,STANDARD,,,,TR,TUR,TURKEY
594605,MAESTRO,DEBIT,STANDARD,,,,TR,TUR,TURKEY
594686,MAESTRO,DEBIT,STANDARD,,,,TR,TUR,TURKEY
594751,MAESTRO,DEBIT,STANDARD,,,,TR,TUR,TURKEY
594866,MAESTRO,DEBIT,STANDARD,,,,TR,TUR,TURKEY
594898,MAESTRO,DEBIT,STANDARD,,,,TR,TUR,TURKEY
594994,MAESTRO,DEBIT,STANDARD,,,,TR,TUR,TURKEY
595058,MAESTRO,DEBIT,STANDARD,,,,TR,TUR,TURKEY
595296,MAESTRO,DEBIT,STANDARD,,,,TR,TUR,TURKEY
595411,MAESTRO,DEBIT,STANDARD,,,,TR,TUR,TURKEY
595538,MAESTRO,DEBIT,STANDARD,,,,TR,TUR,TURKEY
595564,MAESTRO,DEBIT,STANDARD,,,,TR,TUR,TURKEY
595569,MAESTRO,DEBIT,STANDARD,,,,TR,TUR,TURKEY
595589,MAESTRO,DEBIT,STANDARD,,,,TR,TUR,TURKEY
595668,MAESTRO,DEBIT,STANDARD,,,,TR,TUR,TURKEY
595673,MAESTRO,DEBIT,STANDARD,,,,TR,TUR,TURKEY
595879,MAESTRO,DEBIT,STANDARD,,,,TR,TUR,TURKEY
595881,MAESTRO,DEBIT,STANDARD,,,,TR,TUR,TURKEY
595909,MAESTRO,DEBIT,STANDARD,,,,TR,TUR,TURKEY
595931,MAESTRO,DEBIT,STANDARD,,,,TR,TUR,TURKEY
595996,MAESTRO,DEBIT,STANDARD,,,,TR,TUR,TURKEY
596016,MAESTRO,DEBIT,STANDARD,,,,TR,TUR,TURKEY
596052,MAESTRO,DEBIT,STANDARD,,,,TR,TUR,TURKEY
596089,MAESTRO,DEBIT,STANDARD,,,,TR,TUR,TURKEY
596115,MAESTRO,DEBIT,STANDARD,,,,TR,TUR,TURKEY
596232,MAESTRO,DEBIT,STANDARD,,,,TR,TUR,TURKEY
596258,MAESTRO,DEBIT,STANDARD,,,,TR,TUR,TURKEY
596262,MAESTRO,DEBIT,STANDARD,,,,TR,TUR,TURKEY
596265,MAESTRO,DEBIT,STANDARD,,,,TR,TUR,TURKEY
596324,MAESTRO,DEBIT,STANDARD,,,,TR,TUR,TURKEY
596372,MAESTRO,DEBIT,STANDARD,,,,TR,TUR,TURKEY
596456,MAESTRO,DEBIT,STANDARD,,,,TR,TUR,TURKEY
596502,MAESTRO,DEBIT,STANDARD,,,,TR,TUR,TURKEY
596521,MAESTRO,DEBIT,STANDARD,,,,TR,TUR,TURKEY
596524,MAESTRO,DEBIT,STANDARD,,,,TR,TUR,TURKEY
596580,MAESTRO,DEBIT,STANDARD,,,,TR,TUR,TURKEY
596627,MAESTRO,DEBIT,STANDARD,,,,TR,TUR,TURKEY
596803,MAESTRO,DEBIT,STANDARD,,,,TR,TUR,TURKEY
596867,MAESTRO,DEBIT,STANDARD,,,,TR,TUR,TURKEY
596873,MAESTRO,DEBIT,STANDARD,,,,TR,TUR,TURKEY
596946,MAESTRO,DEBIT,STANDARD,,,,TR,TUR,TURKEY
596976,MAESTRO,DEBIT,STANDARD,,,,TR,TUR,TURKEY
596992,MAESTRO,DEBIT,STANDARD,,,,TR,TUR,TURKEY
596995,MAESTRO,DEBIT,STANDARD,,,,TR,TUR,TURKEY
597107,MAESTRO,DEBIT,STANDARD,,,,TR,TUR,TURKEY
597118,MAESTRO,DEBIT,STANDARD,,,,TR,TUR,TURKEY
597141,MAESTRO,DEBIT,STANDARD,,,,TR,TUR,TURKEY
597173,MAESTRO,DEBIT,STANDARD,,,,TR,TUR,TURKEY
597233,MAESTRO,DEBIT,STANDARD,,,,TR,TUR,TURKEY
597238,MAESTRO,DEBIT,STANDARD,,,,TR,TUR,TURKEY
597246,MAESTRO,DEBIT,STANDARD,,,,TR,TUR,TURKEY
597306,MAESTRO,DEBIT,STANDARD,,,,TR,TUR,TURKEY
597313,MAESTRO,DEBIT,STANDARD,,,,TR,TUR,TURKEY
597369,MAESTRO,DEBIT,STANDARD,,,,TR,TUR,TURKEY
597380,MAESTRO,DEBIT,STANDARD,,,,TR,TUR,TURKEY
597469,MAESTRO,DEBIT,STANDARD,,,,TR,TUR,TURKEY
597591,MAESTRO,DEBIT,STANDARD,,,,TR,TUR,TURKEY
597683,MAESTRO,DEBIT,STANDARD,,,,TR,TUR,TURKEY
597686,MAESTRO,DEBIT,STANDARD,,,,TR,TUR,TURKEY
597723,MAESTRO,DEBIT,STANDARD,,,,TR,TUR,TURKEY
597725,MAESTRO,DEBIT,STANDARD,,,,TR,TUR,TURKEY
597733,MAESTRO,DEBIT,STANDARD,,,,TR,TUR,TURKEY
597814,MAESTRO,DEBIT,STANDARD,,,,TR,TUR,TURKEY
597829,MAESTRO,DEBIT,STANDARD,,,,TR,TUR,TURKEY
597849,MAESTRO,DEBIT,STANDARD,,,,TR,TUR,TURKEY
597906,MAESTRO,DEBIT,STANDARD,,,,TR,TUR,TURKEY
597939,MAESTRO,DEBIT,STANDARD,,,,TR,TUR,TURKEY
597956,MAESTRO,DEBIT,STANDARD,,,,TR,TUR,TURKEY
598023,MAESTRO,DEBIT,STANDARD,,,,TR,TUR,TURKEY
598066,MAESTRO,DEBIT,STANDARD,,,,TR,TUR,TURKEY
598078,MAESTRO,DEBIT,STANDARD,,,,TR,TUR,TURKEY
598134,MAESTRO,DEBIT,STANDARD,,,,TR,TUR,TURKEY
598193,MAESTRO,DEBIT,STANDARD,,,,TR,TUR,TURKEY
598234,MAESTRO,DEBIT,STANDARD,,,,TR,TUR,TURKEY
598256,MAESTRO,DEBIT,STANDARD,,,,TR,TUR,TURKEY
598286,MAESTRO,DEBIT,STANDARD,,,,TR,TUR,TURKEY
598310,MAESTRO,DEBIT,STANDARD,,,,TR,TUR,TURKEY
598508,MAESTRO,DEBIT,STANDARD,,,,TR,TUR,TURKEY
598563,MAESTRO,DEBIT,STANDARD,,,,TR,TUR,TURKEY
598632,MAESTRO,DEBIT,STANDARD,,,,TR,TUR,TURKEY
598720,MAESTRO,DEBIT,STANDARD,,,,TR,TUR,TURKEY
598738,MAESTRO,DEBIT,STANDARD,,,,TR,TUR,TURKEY
598790,MAESTRO,DEBIT,STANDARD,,,,TR,TUR,TURKEY
598844,MAESTRO,DEBIT,STANDARD,,,,TR,TUR,TURKEY
598852,MAESTRO,DEBIT,STANDARD,,,,TR,TUR,TURKEY
598853,MAESTRO,DEBIT,STANDARD,,,,TR,TUR,TURKEY
598906,MAESTRO,DEBIT,STANDARD,,,,TR,TUR,TURKEY
599055,MAESTRO,DEBIT,STANDARD,,,,TR,TUR,TURKEY
599067,MAESTRO,DEBIT,STANDARD,,,,TR,TUR,TURKEY
599086,MAESTRO,DEBIT,STANDARD,,,,TR,TUR,TURKEY
599172,MAESTRO,DEBIT,STANDARD,,,,TR,TUR,TURKEY
599255,MAESTRO,DEBIT,STANDARD,,,,TR,TUR,TURKEY
599371,MAESTRO,DEBIT,STANDARD,,,,TR,TUR,TURKEY
599372,MAESTRO,DEBIT,STANDARD,,,,TR,TUR,TURKEY
599377,MAESTRO,DEBIT,STANDARD,,,,TR,TUR,TURKEY
599427,MAESTRO,DEBIT,STANDARD,,,,TR,TUR,TURKEY
599466,MAESTRO,DEBIT,STANDARD,,,,TR,TUR,TURKEY
599474,MAESTRO,DEBIT,STANDARD,,,,TR,TUR,TURKEY
599570,MAESTRO,DEBIT,STANDARD,,,,TR,TUR,TURKEY
599572,MAESTRO,DEBIT,STANDARD,,,,TR,TUR,TURKEY
599661,MAESTRO,DEBIT,STANDARD,,,,TR,TUR,TURKEY
599675,MAESTRO,DEBIT,STANDARD,,,,TR,TUR,TURKEY
599754,MAESTRO,DEBIT,STANDARD,,,,TR,TUR,TURKEY
599819,MAESTRO,DEBIT,STANDARD,,,,TR,TUR,TURKEY
599823,MAESTRO,DEBIT,STANDARD,,,,TR,TUR,TURKEY
599844,MAESTRO,DEBIT,STANDARD,,,,TR,TUR,TURKEY
599886,MAESTRO,DEBIT,STANDARD,,,,TR,TUR,TURKEY
600208,MAESTRO,DEBIT,PREPAID,"TURKIYE GARANTI BANKASI, A.S.",+902123181818,http://www.garanti.com.tr,TR,TUR,TURKEY
600343,MAESTRO,DEBIT,,,,,TR,TUR,TURKEY
601050,MAESTRO,DEBIT,,"QNB FINANSBANK, A.S.",,,TR,TUR,TURKEY
601354,MAESTRO,DEBIT,,"T.C. ZIRAAT BANKASI, A.S.",,,TR,TUR,TURKEY
601500,MAESTRO,DEBIT,,,,,TR,TUR,TURKEY
601881,MAESTRO,CREDIT,STANDARD,YAPI KREDI,,,TR,TUR,TURKEY
601912,MAESTRO,DEBIT,,"DENIZBANK, A.S.",,http://www.denizbank.com,TR,TUR,TURKEY
602676,MAESTRO,CREDIT,STANDARD,YAPI KREDI,,,TR,TUR,TURKEY
602678,MAESTRO,DEBIT,,"YAPI VE KREDI BANKASI, A.S.",+904440444,http://www.yapikredi.com.tr,TR,TUR,TURKEY
602908,MAESTRO,DEBIT,,"YAPI VE KREDI BANKASI, A.S.",+904440444,http://www.yapikredi.com.tr,TR,TUR,TURKEY
602970,MAESTRO,DEBIT,,"TURKIYE GARANTI BANKASI, A.S.",+902123181818,http://www.garanti.com.tr,TR,TUR,TURKEY
602981,MAESTRO,DEBIT,,"YAPI VE KREDI BANKASI, A.S.",+904440444,http://www.yapikredi.com.tr,TR,TUR,TURKEY
603005,LOCAL BRAND,DEBIT,PERSONAL,"TURKLAND BANK, A.S.",,,TR,TUR,TURKEY
603072,LOCAL BRAND,DEBIT,PERSONAL,"ANADOLUBANK, A.S.",,,TR,TUR,TURKEY
603092,MAESTRO,DEBIT,,,,,TR,TUR,TURKEY
603098,MAESTRO,DEBIT,,"YAPI VE KREDI BANKASI, A.S.",+904440444,http://www.yapikredi.com.tr,TR,TUR,TURKEY
603125,MAESTRO,DEBIT,STANDARD,"IS BANKASI, A.S.",,,TR,TUR,TURKEY
603322,LOCAL BRAND,DEBIT,PERSONAL,"ING BANK, A.S.",,http://www.ingbank.com.tr,TR,TUR,TURKEY
603343,MAESTRO,DEBIT,,"FIBABANKA, A.S.",,,TR,TUR,TURKEY
603344,LOCAL BRAND,CREDIT,PERSONAL,"T. GARANTI BANKASI, A.S.",,,TR,TUR,TURKEY
603480,MAESTRO,DEBIT,,"TURKIYE GARANTI BANKASI, A.S.",+902123181818,http://www.garanti.com.tr,TR,TUR,TURKEY
603492,MAESTRO,DEBIT,,"TURKIYE GARANTI BANKASI, A.S.",+902123181818,http://www.garanti.com.tr,TR,TUR,TURKEY
603614,MAESTRO,DEBIT,,"TURKIYE GARANTI BANKASI, A.S.",+902123181818,http://www.garanti.com.tr,TR,TUR,TURKEY
603649,MAESTRO,DEBIT,,"YAPI VE KREDI BANKASI, A.S.",+904440444,http://www.yapikredi.com.tr,TR,TUR,TURKEY
603650,MAESTRO,DEBIT,,T. GARANTI BANKASI A.S,,,TR,TUR,TURKEY
603797,MAESTRO,DEBIT,,"YAPI VE KREDI BANKASI, A.S.",,http://www.yapikredi.com.tr,TR,TUR,TURKEY
605036,MAESTRO,DEBIT,,"TURKIYE GARANTI BANKASI, A.S.",+902123181818,http://www.garanti.com.tr,TR,TUR,TURKEY
606043,MAESTRO,DEBIT,,"TURKIYE FINANS KATILIM BANKASI , A.S.",,,TR,TUR,TURKEY
606329,MAESTRO,DEBIT,,"TURK EKONOMI BANKASI, A.S.",,http://www.teb.com.tr,TR,TUR,TURKEY
622403,CHINA UNION PAY,CREDIT,BUSINESS,"T. GARANTI BANKASI, A.S.",,,TR,TUR,TURKEY
627161,MAESTRO,DEBIT,STANDARD,TURKIYE FINANS KATILIM BANKASI,,,TR,TUR,TURKEY
627462,MAESTRO,DEBIT,PREPAID,"ASYA KATILIM BANKASI, A.S.",+902166335000,http://www.bankasya.com.tr,TR,TUR,TURKEY
627510,LOCAL BRAND,DEBIT,PERSONAL,"ALBARAKA TURK KATILIM BANKASI, A.S.",,,TR,TUR,TURKEY
627652,CHINA UNION PAY,DEBIT,STANDARD,"HSBC BANK, A.S.",+902123764000,http://www.hsbc.com.tr,TR,TUR,TURKEY
636689,MAESTRO,DEBIT,,"YAPI VE KREDI BANKASI, A.S.",+904440444,http://www.yapikredi.com.tr,TR,TUR,TURKEY
637060,PRIVATE LABEL,DEBIT,PREPAID,ISTANBUL TRANSPORT CARD,,,TR,TUR,TURKEY
637074,MAESTRO,DEBIT,STANDARD,"T. GARANTI BANKASI, A.S.",,,TR,TUR,TURKEY
637243,MAESTRO,DEBIT,STANDARD,"KENTKART EGE ELEKTRONIK, A.S.",,,TR,TUR,TURKEY
639001,MAESTRO,DEBIT,,"TURKIYE HALK BANKASI, A.S.",,http://www.halkbank.com.tr,TR,TUR,TURKEY
639004,MAESTRO,DEBIT,,"YAPI VE KREDI BANKASI, A.S.",,http://www.yapikredi.com.tr,TR,TUR,TURKEY
639086,MAESTRO,DEBIT,,VAKIF KATILIM BANKASI,,,TR,TUR,TURKEY
639561,MAESTRO,DEBIT,,,,,TR,TUR,TURKEY
642011,MAESTRO,DEBIT,STANDARD,TURKIYE GARANTI BANKASI,+902123181818,http://www.garanti.com.tr,TR,TUR,TURKEY
642012,MAESTRO,DEBIT,STANDARD,TURKIYE GARANTI BANKASI,+902123181818,http://www.garanti.com.tr,TR,TUR,TURKEY
650052,TROY,CREDIT,,TURKIYE VAKIFLAR BANKASI T.A.O.,+903124557851,http://www.vakifbank.com.tr,TR,TUR,TURKEY
650082,DISCOVER,DEBIT,PERSONAL,DC BKM - ISBANK - USD,,,TR,TUR,TURKEY
650083,DISCOVER,DEBIT,PERSONAL,DC BKM - ZIRAATBANK,,,TR,TUR,TURKEY
650085,DISCOVER,DEBIT,PERSONAL,DC BKM - ISBANK - USD,,,TR,TUR,TURKEY
650092,DISCOVER,DEBIT,PERSONAL,DC BKM - ISBANK - USD,,,TR,TUR,TURKEY
650161,DISCOVER,CREDIT,PERSONAL,DC BKM - YAPI KREDI BANK,,,TR,TUR,TURKEY
650170,TROY,CREDIT,PERSONAL,T. VAKIFLAR BANKASI T.A.O,,,TR,TUR,TURKEY
650173,DISCOVER,CREDIT,PERSONAL,DC BKM - ISBANK - USD,,,TR,TUR,TURKEY
650175,DISCOVER,CREDIT,PERSONAL,DC BKM - SEKERBANK,,,TR,TUR,TURKEY
650268,DISCOVER,CREDIT,PERSONAL,DC BKM - ZIRAATBANK,,,TR,TUR,TURKEY
650269,DISCOVER,CREDIT,PERSONAL,DC BKM - ISBANK - USD,,,TR,TUR,TURKEY
650271,DISCOVER,CREDIT,PERSONAL,BKM - ABANK,,,TR,TUR,TURKEY
650273,DISCOVER,CREDIT,PERSONAL,DC BKM - ZIRAATBANK,,,TR,TUR,TURKEY
650274,DISCOVER,CREDIT,PERSONAL,DC BKM - ZIRAATBANK,,,TR,TUR,TURKEY
650457,DISCOVER,DEBIT,PREPAID,DC BKM - TURKPARA,,,TR,TUR,TURKEY
650459,DISCOVER,DEBIT,PREPAID,DC BKM - ISBANK - USD,,,TR,TUR,TURKEY
650836,DISCOVER,DEBIT,PERSONAL,DC BKM - VAKIF KATILIM,,,TR,TUR,TURKEY
650837,DISCOVER,CREDIT,PERSONAL,DC BKM - YAPI KREDI BANK,,,TR,TUR,TURKEY
650846,DISCOVER,CREDIT,PERSONAL,DC BKM - ZIRAATBANK,,,TR,TUR,TURKEY
650847,DISCOVER,DEBIT,PERSONAL,DC BKM - ZIRAATBANK,,,TR,TUR,TURKEY
650848,DISCOVER,CREDIT,PERSONAL,DC BKM - ZIRAATBANK,,,TR,TUR,TURKEY
650849,DISCOVER,CREDIT,PERSONAL,DC BKM - ZIRAATBANK,,,TR,TUR,TURKEY
650850,DISCOVER,CREDIT,PERSONAL,DC BKM - ZIRAATBANK,,,TR,TUR,TURKEY
650858,DISCOVER,CREDIT,PERSONAL,DC BKM - TEB,,,TR,TUR,TURKEY
650859,DISCOVER,CREDIT,PERSONAL,DC BKM - TEB,,,TR,TUR,TURKEY
650860,DISCOVER,CREDIT,PERSONAL,DC BKM - TEB,,,TR,TUR,TURKEY
650861,DISCOVER,CREDIT,PERSONAL,DC BKM - TEB,,,TR,TUR,TURKEY
650862,DISCOVER,DEBIT,PERSONAL,DC BKM - TEB,,,TR,TUR,TURKEY
650867,DISCOVER,DEBIT,PERSONAL,DC BKM - GARANTI BANK,,,TR,TUR,TURKEY
650868,DISCOVER,CREDIT,PERSONAL,DC BKM - GARANTI BANK,,,TR,TUR,TURKEY
650869,DISCOVER,CREDIT,PERSONAL,DC BKM - GARANTI BANK,,,TR,TUR,TURKEY
650923,DISCOVER,CREDIT,PERSONAL,DC BKM - VAKIFBANK,,,TR,TUR,TURKEY
650987,DISCOVER,CREDIT,PERSONAL,DC BKM - ISBANK - USD,,,TR,TUR,TURKEY
650990,DISCOVER,CREDIT,PERSONAL,DC BKM - ISBANK - USD,,,TR,TUR,TURKEY
654997,TROY,CREDIT,,"ALTERNATIFBANK, A.S.",+902123156500,http://www.abank.com.tr/,TR,TUR,TURKEY
657366,TROY,DEBIT,PERSONAL,"YAPI VE KREDI BANKASI, A.S.",,http://www.yapikredi.com.tr,TR,TUR,TURKEY
657998,TROY,DEBIT,CORPORATE,"YAPI VE KREDI BANKASI, A.S.",,http://www.yapikredi.com.tr,TR,TUR,TURKEY
658050,DISCOVER,CREDIT,,DC BKM - ZIRAATBANK,,,TR,TUR,TURKEY
658051,DISCOVER,CREDIT,,DC BKM - ZIRAATBANK,,,TR,TUR,TURKEY
658052,DISCOVER,CREDIT,,DC BKM - ZIRAATBANK,,,TR,TUR,TURKEY
658053,DISCOVER,CREDIT,,DC BKM - ZIRAATBANK,,,TR,TUR,TURKEY
658054,DISCOVER,CREDIT,,DC BKM TFKB,,,TR,TUR,TURKEY
658750,DISCOVER,CREDIT,,DC BKM TFKB,,,TR,TUR,TURKEY
658751,DISCOVER,CREDIT,,DC BKM TFKB,,,TR,TUR,TURKEY
658752,DISCOVER,CREDIT,,DC BKM TFKB,,,TR,TUR,TURKEY
658753,DISCOVER,CREDIT,,DC BKM - ZIRAATBANK,,,TR,TUR,TURKEY
658754,DISCOVER,CREDIT,,DC BKM - ZIRAATBANK,,,TR,TUR,TURKEY
658755,DISCOVER,CREDIT,,DC BKM - ZIRAATBANK,,,TR,TUR,TURKEY
658756,DISCOVER,CREDIT,,DC BKM - ZIRAATBANK,,,TR,TUR,TURKEY
658757,DISCOVER,CREDIT,,DC BKM - QNB FINANSBANK,,,TR,TUR,TURKEY
658758,DISCOVER,CREDIT,,DC BKM - QNB FINANSBANK,,,TR,TUR,TURKEY
658759,DISCOVER,CREDIT,,DC BKM TFKB,,,TR,TUR,TURKEY
658760,DISCOVER,CREDIT,,DC BKM - YAPI KREDI BANK,,,TR,TUR,TURKEY
658761,DISCOVER,CREDIT,PERSONAL CORE,,,,TR,TUR,TURKEY
658762,DISCOVER,DEBIT,COMMERCIAL,,,,TR,TUR,TURKEY
658764,DISCOVER,DEBIT,PREPAID NON-RELOADABLE,,,,TR,TUR,TURKEY
658765,DISCOVER,DEBIT,PERSONAL,,,,TR,TUR,TURKEY
658766,DISCOVER,CREDIT,COMMERCIAL,,,,TR,TUR,TURKEY
663329,MAESTRO,DEBIT,STANDARD,,,,TR,TUR,TURKEY
665555,MAESTRO,DEBIT,STANDARD,,,,TR,TUR,TURKEY
666600,PRIVATE LABEL,DEBIT,,,,,TR,TUR,TURKEY
670544,MAESTRO,DEBIT,,VAKIF KATILIM BANKASI,,,TR,TUR,TURKEY
670586,MAESTRO,DEBIT,,"T.C. ZIRAAT BANKASI, A.S.",,,TR,TUR,TURKEY
670606,MAESTRO,DEBIT,,"TURKIYE GARANTI BANKASI, A.S.",+902123181818,http://www.garanti.com.tr,TR,TUR,TURKEY
670610,MAESTRO,DEBIT,,"DENIZBANK, A.S.",,http://www.denizbank.com,TR,TUR,TURKEY
670640,MAESTRO,DEBIT,PERSONAL,"DENIZBANK, A.S.",,http://www.denizbank.com,TR,TUR,TURKEY
670670,MAESTRO,DEBIT,,"ALTERNATIFBANK, A.S.",,http://www.abank.com.tr,TR,TUR,TURKEY
670673,MAESTRO,DEBIT,,"FINANSBANK, A.S.",+908502220900,https://www.qnbfinansbank.com,TR,TUR,TURKEY
670868,MAESTRO,DEBIT,,"ODEA BANK, A.S.",,,TR,TUR,TURKEY
671121,MAESTRO,DEBIT,,"AKTIF YATIRIM BANKASI, A.S.",,,TR,TUR,TURKEY
671155,MAESTRO,DEBIT,,"AKTIF YATIRIM BANKASI, A.S.",,,TR,TUR,TURKEY
671187,MAESTRO,DEBIT,,"TURKIYE IS BANKASI, A.S.",,http://www.isbank.com.tr,TR,TUR,TURKEY
671200,MAESTRO,DEBIT,,POSTAL AND TELEGRAPH CORPORATION,,,TR,TUR,TURKEY
671217,MAESTRO,DEBIT,,"FIBABANKA, A.S.",,,TR,TUR,TURKEY
673003,MAESTRO,DEBIT,,,,,TR,TUR,TURKEY
673047,MAESTRO,DEBIT,STANDARD,,,,TR,TUR,TURKEY
676061,MAESTRO,DEBIT,STANDARD,,,,TR,TUR,TURKEY
676123,MAESTRO,DEBIT,,"T.C. ZIRAAT BANKASI, A.S.",,,TR,TUR,TURKEY
676124,MAESTRO,DEBIT,,"T.C. ZIRAAT BANKASI, A.S.",,,TR,TUR,TURKEY
676166,MAESTRO,DEBIT,,"YAPI VE KREDI BANKASI, A.S.",,http://www.yapikredi.com.tr,TR,TUR,TURKEY
676170,MAESTRO,DEBIT,,"ING, A.S.",,,TR,TUR,TURKEY
676206,MAESTRO,DEBIT,,"ING, A.S.",,,TR,TUR,TURKEY
676255,MAESTRO,DEBIT,,"TURKIYE GARANTI BANKASI, A.S.",,http://www.garanti.com.tr,TR,TUR,TURKEY
676258,MAESTRO,DEBIT,,"TURKIYE HALK BANKASI, A.S.",,http://www.halkbank.com.tr,TR,TUR,TURKEY
676283,MAESTRO,DEBIT,,"TURKIYE GARANTI BANKASI, A.S.",+902123181818,http://www.garanti.com.tr,TR,TUR,TURKEY
676298,MAESTRO,DEBIT,,,,,TR,TUR,TURKEY
676340,MAESTRO,DEBIT,STANDARD,,,,TR,TUR,TURKEY
676366,MAESTRO,DEBIT,,"ING, A.S.",,,TR,TUR,TURKEY
676372,MAESTRO,DEBIT,,,,,TR,TUR,TURKEY
676391,CIRRUS,DEBIT,CIRRUS,"YAPI VE KREDI BANKASI, A.S.",,http://www.yapikredi.com.tr,TR,TUR,TURKEY
676401,MAESTRO,DEBIT,,"HSBC BANK, A.S.",+902123764000,http://www.hsbc.com.tr,TR,TUR,TURKEY
676402,MAESTRO,DEBIT,,"ING, A.S.",,,TR,TUR,TURKEY
676406,MAESTRO,DEBIT,,"TURK EKONOMI BANKASI, A.S.",,http://www.teb.com.tr,TR,TUR,TURKEY
676429,MAESTRO,DEBIT,,TURKIYE VAKIFLAR BANKASI T.A.O.,+903124557851,http://www.vakifbank.com.tr,TR,TUR,TURKEY
676460,MAESTRO,DEBIT,,"ANADOLUBANK, A.S.",,,TR,TUR,TURKEY
676578,MAESTRO,DEBIT,,"TURK EKONOMI BANKASI, A.S.",,http://www.teb.com.tr,TR,TUR,TURKEY
676651,MAESTRO,DEBIT,,"TURKIYE GARANTI BANKASI, A.S.",,http://www.garanti.com.tr,TR,TUR,TURKEY
676827,MAESTRO,DEBIT,,"TURKIYE GARANTI BANKASI, A.S.",,http://www.garanti.com.tr,TR,TUR,TURKEY
676832,MAESTRO,DEBIT,,SEKERBANK T.A.S.,+902123197000,http://www.sekerbank.com.tr,TR,TUR,TURKEY
677047,MAESTRO,DEBIT,PERSONAL,"DENIZBANK, A.S.",,http://www.denizbank.com,TR,TUR,TURKEY
677055,MAESTRO,DEBIT,,"KUVEYT TURK KATILIM BANKASI, A.S.",,http://www.kuveytturk.com.tr,TR,TUR,TURKEY
677056,MAESTRO,DEBIT,,AKBANK T.A.S.,+904442525,http://www.akbank.com,TR,TUR,TURKEY
677131,MAESTRO,DEBIT,,"ASYA KATILIM BANKASI, A.S.",+902166335000,http://www.bankasya.com.tr,TR,TUR,TURKEY
677193,MAESTRO,DEBIT,,"HSBC BANK, A.S.",+902123764000,http://www.hsbc.com.tr,TR,TUR,TURKEY
677238,MAESTRO,DEBIT,SMALL BUSINESS,QNB BANK A.S,,,TR,TUR,TURKEY
677369,MAESTRO,DEBIT,,"DEUTSCHE BANK, A.S.",,,TR,TUR,TURKEY
677397,MAESTRO,DEBIT,,ALBARAKA TURK KATILIM BANKASI A.S,,,TR,TUR,TURKEY
677451,MAESTRO,DEBIT,,"TURKIYE FINANS KATILIM BANKASI, A.S.",,http://www.turkiyefinans.com.tr,TR,TUR,TURKEY
677522,MAESTRO,DEBIT,,"TURKISH BANK, A.S.",,,TR,TUR,TURKEY
677690,MAESTRO,DEBIT,,"YAPI VE KREDI BANKASI, A.S.",,http://www.yapikredi.com.tr,TR,TUR,TURKEY
677987,MAESTRO,DEBIT,PREPAID,"FIBABANKA, A.S.",,,TR,TUR,TURKEY
678578,MAESTRO,DEBIT,STANDARD,,,,TR,TUR,TURKEY
679291,MAESTRO,DEBIT,STANDARD,,,,TR,TUR,TURKEY
679951,MAESTRO,DEBIT,,TURKIYE VAKIFLAR BANKASI T.A.O.,+903124557851,http://www.vakifbank.com.tr,TR,TUR,TURKEY
688540,MAESTRO,DEBIT,STANDARD,,,,TR,TUR,TURKEY
690002,MAESTRO,DEBIT,STANDARD,,,,TR,TUR,TURKEY
696669,MAESTRO,DEBIT,STANDARD,,,,TR,TUR,TURKEY
698745,MAESTRO,DEBIT,STANDARD,,,,TR,TUR,TURKEY
699001,MAESTRO,DEBIT,STANDARD,,,,TR,TUR,TURKEY
724365,MAESTRO,DEBIT,,"TURKIYE GARANTI BANKASI, A.S.",+902123181818,http://www.garanti.com.tr,TR,TUR,TURKEY
730727,PRIVATE LABEL,CREDIT,CLASSIC,AKBANK T.A.S.,+904442525,http://www.akbank.com,TR,TUR,TURKEY
789645,PRIVATE LABEL,DEBIT,,,,,TR,TUR,TURKEY
825430,LOCAL BRAND,DEBIT,,TURKIYE VAKIFLAR BANKASI T.A.O.,+903124557851,http://www.vakifbank.com.tr,TR,TUR,TURKEY
900002,TROY,CREDIT,PERSONAL,AKTIF YATIRIM BANKASI,,,TR,TUR,TURKEY
900017,TROY,CREDIT,PERSONAL,"TEKSTILBANK, A.S.",,,TR,TUR,TURKEY
900020,TROY,CREDIT,PERSONAL,"ODEA BANK, A.S.",,,TR,TUR,TURKEY
900029,TROY,CREDIT,PERSONAL,"POSTA VE TELGRAF TESKILATI, A.S.",,,TR,TUR,TURKEY
900210,TROY,CREDIT,PERSONAL,VAKIF KATILIM BANKASI A.S,,,TR,TUR,TURKEY
979200,TROY,DEBIT,,,,,TR,TUR,TURKEY
979201,TROY,DEBIT,,,,,TR,TUR,TURKEY
979202,TROY,DEBIT,PERSONAL,"FINANSBANK, A.S.",+908502220900,https://www.qnbfinansbank.com,TR,TUR,TURKEY
979203,TROY,CREDIT,PERSONAL,"FINANSBANK, A.S.",+908502220900,https://www.qnbfinansbank.com,TR,TUR,TURKEY
979204,TROY,CREDIT,PERSONAL,"T. IS BANKASI, A.S.",,,TR,TUR,TURKEY
979205,TROY,CREDIT,PERSONAL,"T. GARANTI BANKASI, A.S.",,,TR,TUR,TURKEY
979206,TROY,CREDIT,PERSONAL,AKBANK T.A.S.,+904442525,http://www.akbank.com,TR,TUR,TURKEY
979207,TROY,CREDIT,COMMERCIAL,AKBANK T.A.S.,+904442525,http://www.akbank.com,TR,TUR,TURKEY
979208,TROY,DEBIT,PERSONAL,AKBANK T.A.S.,+904442525,http://www.akbank.com,TR,TUR,TURKEY
979209,TROY,DEBIT,PERSONAL,T. VAKIFLAR BANKASI T.A.O,,,TR,TUR,TURKEY
979210,TROY,CREDIT,PERSONAL,"T. HALK BANKASI, A.S.",,,TR,TUR,TURKEY
979211,TROY,DEBIT,PERSONAL,SEKERBANK T.A.S.,+902123197000,http://www.sekerbank.com.tr,TR,TUR,TURKEY
979212,TROY,DEBIT,PERSONAL,"T. HALK BANKASI, A.S.",,,TR,TUR,TURKEY
979213,TROY,DEBIT,PERSONAL,AKTIF YATIRIM BANKASI,,,TR,TUR,TURKEY
979214,TROY,CREDIT,PERSONAL,"HSBC BANK, A.S.",+902123764000,http://www.hsbc.com.tr,TR,TUR,TURKEY
979215,TROY,DEBIT,PERSONAL,"YAPI VE KREDI BANKASI, A.S.",,http://www.yapikredi.com.tr,TR,TUR,TURKEY
979216,TROY,DEBIT,GOLD,KUVEYT TURK EVKAF FINANS KURUMU,,,TR,TUR,TURKEY
979217,TROY,DEBIT,PERSONAL,ZIRAAT BANKASI,,,TR,TUR,TURKEY
979218,TROY,DEBIT,PERSONAL,"TURKIYE FINANS KATILIM BANKASI , A.S.",,,TR,TUR,TURKEY
979219,TROY,CREDIT,PERSONAL,"ODEA BANK, A.S.",,,TR,TUR,TURKEY
979220,TROY,CREDIT,PERSONAL,"DENIZ BANK, A.S.",,,TR,TUR,TURKEY
979221,TROY,CREDIT,PERSONAL,"ZIRAAT KATILIM BANKASI, A.S.",,,TR,TUR,TURKEY
979222,TROY,DEBIT,,,,,TR,TUR,TURKEY
979223,TROY,CREDIT,PERSONAL,"TURK EKONOMI BANKASI, A.S.",,http://www.teb.com.tr,TR,TUR,TURKEY
979224,TROY,CREDIT,PERSONAL,"ING BANK, A.S.",,http://www.ingbank.com.tr,TR,TUR,TURKEY
979225,TROY,CREDIT,PERSONAL,FIBABANKA,,,TR,TUR,TURKEY
979226,TROY,CREDIT,PERSONAL,ALBARAKA TURK,,,TR,TUR,TURKEY
979227,TROY,DEBIT,PERSONAL,ALBARAKA TURK,,,TR,TUR,TURKEY
979228,TROY,CREDIT,PERSONAL,"ALTERNATIF BANK, A.S.",,,TR,TUR,TURKEY
979229,TROY,DEBIT,,,,,TR,TUR,TURKEY
979230,TROY,CREDIT,PERSONAL,VAKIF KATILIM BANKASI A.S,,,TR,TUR,TURKEY
979231,TROY,DEBIT,PERSONAL,TURKLAND BANK,,,TR,TUR,TURKEY
979232,TROY,DEBIT,,ASYA KATILIM BANKASI,,,TR,TUR,TURKEY
979233,TROY,DEBIT,PERSONAL,"T. IS BANKASI, A.S.",,,TR,TUR,TURKEY
979234,TROY,DEBIT,,,,,TR,TUR,TURKEY
979235,TROY,DEBIT,PERSONAL,TURK ELEKTRONIK A.S,,,TR,TUR,TURKEY
979236,TROY,DEBIT,PERSONAL,"T. GARANTI BANKASI, A.S.",,,TR,TUR,TURKEY
979237,TROY,CREDIT,PERSONAL,"DENIZ BANK, A.S.",,,TR,TUR,TURKEY
979238,TROY,DEBIT,PERSONAL,"T. HALK BANKASI, A.S.",,,TR,TUR,TURKEY
979239,TROY,CREDIT,PERSONAL,"ICBC TURKEY BANK, A.S.",,,TR,TUR,TURKEY
979240,TROY,DEBIT,PERSONAL,"ANADOLU BANK, A.S.",,,TR,TUR,TURKEY
979241,TROY,DEBIT,PERSONAL,"YAPI VE KREDI BANKASI, A.S.",,http://www.yapikredi.com.tr,TR,TUR,TURKEY
979242,TROY,DEBIT,PERSONAL,"ING BANK, A.S.",,http://www.ingbank.com.tr,TR,TUR,TURKEY
979243,TROY,CREDIT,PERSONAL,"DENIZ BANK, A.S.",,,TR,TUR,TURKEY
979244,TROY,CREDIT,PERSONAL,"T. HALK BANKASI, A.S.",,,TR,TUR,TURKEY
979245,TROY,DEBIT,,,,,TR,TUR,TURKEY
979246,TROY,DEBIT,,AKTIF YATIRIM BANKASI,,,TR,TUR,TURKEY
979247,TROY,DEBIT,,,,,TR,TUR,TURKEY
979248,TROY,CREDIT,PERSONAL,TURK ELEKTRONIK A.S,,,TR,TUR,TURKEY
979249,TROY,DEBIT,PERSONAL,POSTAL AND TELEGRAPH CORPORATION,,,TR,TUR,TURKEY
979250,TROY,DEBIT,PERSONAL,VAKIF KATILIM BANKASI A.S,,,TR,TUR,TURKEY
979251,TROY,DEBIT,,,,,TR,TUR,TURKEY
979252,TROY,CREDIT,PERSONAL,"ANADOLU BANK, A.S.",,,TR,TUR,TURKEY
979253,TROY,DEBIT,,,,,TR,TUR,TURKEY
979254,TROY,DEBIT,PERSONAL,POSTAL AND TELEGRAPH CORPORATION,,,TR,TUR,TURKEY
979255,TROY,DEBIT,,,,,TR,TUR,TURKEY
979256,TROY,DEBIT,PERSONAL,T. VAKIFLAR BANKASI T.A.O,,,TR,TUR,TURKEY
979257,TROY,CREDIT,PERSONAL,TURK ELEKTRONIK A.S,,,TR,TUR,TURKEY
979258,TROY,DEBIT,,,,,TR,TUR,TURKEY
979259,TROY,DEBIT,,PTT,,,TR,TUR,TURKEY
979260,TROY,DEBIT,,PALADYUM ELEKTRONIK A.S,,,TR,TUR,TURKEY
979261,TROY,DEBIT,,EMLAK KATILIM BANKASI,,,TR,TUR,TURKEY
979262,TROY,DEBIT,,,,,TR,TUR,TURKEY
979263,TROY,CREDIT,PERSONAL,"YAPI VE KREDI BANKASI, A.S.",,http://www.yapikredi.com.tr,TR,TUR,TURKEY
979264,TROY,DEBIT,PERSONAL,"TURK EKONOMI BANKASI, A.S.",,http://www.teb.com.tr,TR,TUR,TURKEY
979265,TROY,DEBIT,PERSONAL,VAKIF KATILIM BANKASI A.S,,,TR,TUR,TURKEY
979266,TROY,DEBIT,PERSONAL,ININAL,,,TR,TUR,TURKEY
979267,TROY,CREDIT,PERSONAL,KUVEYT TURK EVKAF FINANS KURUMU,,,TR,TUR,TURKEY
979268,TROY,DEBIT,PERSONAL,SEKERBANK T.A.S.,+902123197000,http://www.sekerbank.com.tr,TR,TUR,TURKEY
979269,TROY,DEBIT,,,,,TR,TUR,TURKEY
979270,TROY,DEBIT,,,,,TR,TUR,TURKEY
979271,TROY,DEBIT,PERSONAL,SIPAY ELEKTRONIK PARA VE ODEME HIZMETLER,,,TR,TUR,TURKEY
979272,TROY,DEBIT,,,,,TR,TUR,TURKEY
979273,TROY,DEBIT,PERSONAL,BIRLESIK ODEME VE ELEKTRONIK PARA HIZMET,,,TR,TUR,TURKEY
979274,TROY,DEBIT,,,,,TR,TUR,TURKEY
979275,TROY,DEBIT,,,,,TR,TUR,TURKEY
979276,TROY,DEBIT,,,,,TR,TUR,TURKEY
979277,TROY,DEBIT,PERSONAL,POSTAL AND TELEGRAPH CORPORATION,,,TR,TUR,TURKEY
979278,TROY,DEBIT,PERSONAL,POSTAL AND TELEGRAPH CORPORATION,,,TR,TUR,TURKEY
979279,TROY,DEBIT,,,,,TR,TUR,TURKEY
979280,TROY,DEBIT,PERSONAL,ZIRAAT BANKASI,,,TR,TUR,TURKEY
979281,TROY,DEBIT,,,,,TR,TUR,TURKEY
979282,TROY,DEBIT,,,,,TR,TUR,TURKEY
979283,TROY,DEBIT,,,,,TR,TUR,TURKEY
979284,TROY,DEBIT,,,,,TR,TUR,TURKEY
979285,TROY,DEBIT,,,,,TR,TUR,TURKEY
979286,TROY,DEBIT,,,,,TR,TUR,TURKEY
979287,TROY,DEBIT,,,,,TR,TUR,TURKEY
979288,TROY,DEBIT,,,,,TR,TUR,TURKEY
979289,TROY,DEBIT,,,,,TR,TUR,TURKEY
990015,MAESTRO,DEBIT,STANDARD,TURKIYE VAKIFLAR BANKASI T.A.O.,+903124557851,http://www.vakifbank.com.tr,TR,TUR,TURKEY
999111,PRIVATE LABEL,DEBIT,,,,,TR,TUR,TURKEY
